nama_upt,jenis_upt,kelas_upt,subjenis_upt,provinsi,kanwil,kabupaten_kota,alamat,latitude,longitude,coordinate_quality,coordinate_source,coordinate_score,location_hint,aktif,catatan_verifikasi
Lapas Kelas IIA Banda Aceh,Lapas,IIA,Umum,Aceh,Kantor Wilayah Ditjenpas Aceh,Kota Banda Aceh,,5.554926868197542,95.35661408701579,Pusat kota/kabupaten—kandidat,Kandidat pusat wilayah dari dataset geocode administratif,0.88,BANDA ACEH,True,Koordinat belum menunjukkan alamat gedung UPT; wajib diperiksa Super Admin.
Lapas Kelas IIA Lhok Seumawe,Lapas,IIA,Umum,Aceh,Kantor Wilayah Ditjenpas Aceh,Kota Lhokseumawe,,5.202364323877331,97.04239246196094,Pusat kota/kabupaten—kandidat,Kandidat pusat wilayah dari dataset geocode administratif,0.95,LHOKSEUMAWE,True,Koordinat belum menunjukkan alamat gedung UPT; wajib diperiksa Super Admin.
Lapas Kelas IIB Bireun,Lapas,IIB,Umum,Aceh,Kantor Wilayah Ditjenpas Aceh,Bireuen,,5.0827404,96.5921211980314,Pusat kota/kabupaten—kandidat,Kandidat pusat wilayah dari dataset geocode administratif,0.95,BIREUEN,True,Koordinat belum menunjukkan alamat gedung UPT; wajib diperiksa Super Admin.
Lapas Kelas IIB Blangkejeren,Lapas,IIB,Umum,Aceh,Kantor Wilayah Ditjenpas Aceh,Gayo Lues,,3.97759925,97.33206765898427,Pusat kota/kabupaten—kandidat,Kandidat pusat wilayah dari dataset geocode administratif,0.95,GAYO LUES,True,Koordinat belum menunjukkan alamat gedung UPT; wajib diperiksa Super Admin.
Lapas Kelas IIB Blangpidie,Lapas,IIB,Umum,Aceh,Kantor Wilayah Ditjenpas Aceh,Aceh Barat Daya,,3.8335897,96.85161542787151,Pusat kota/kabupaten—kandidat,Kandidat pusat wilayah dari dataset geocode administratif,0.95,ACEH BARAT DAYA,True,Koordinat belum menunjukkan alamat gedung UPT; wajib diperiksa Super Admin.
Lapas Kelas IIB Idi,Lapas,IIB,Umum,Aceh,Kantor Wilayah Ditjenpas Aceh,Pidie Jaya,,5.10477095,96.21166763608278,Pusat kota/kabupaten—kandidat,Kandidat pusat wilayah dari dataset geocode administratif,0.88,IDI,True,Koordinat belum menunjukkan alamat gedung UPT; wajib diperiksa Super Admin.
Lapas Kelas IIB Kota Bakti,Lapas,IIB,Umum,Aceh,Kantor Wilayah Ditjenpas Aceh,Pidie Jaya,,5.10477095,96.21166763608278,Pusat kota/kabupaten—kandidat,Kandidat pusat wilayah dari dataset geocode administratif,0.95,PIDIE,True,Koordinat belum menunjukkan alamat gedung UPT; wajib diperiksa Super Admin.
Lapas Kelas IIB Kuala Simpang,Lapas,IIB,Umum,Aceh,Kantor Wilayah Ditjenpas Aceh,Aceh Tamiang,,4.212262450000001,97.91471113604223,Pusat kota/kabupaten—kandidat,Kandidat pusat wilayah dari dataset geocode administratif,0.95,ACEH TAMIANG,True,Koordinat belum menunjukkan alamat gedung UPT; wajib diperiksa Super Admin.
Lapas Kelas IIB Kutacane,Lapas,IIB,Umum,Aceh,Kantor Wilayah Ditjenpas Aceh,Aceh Tenggara,,3.338797,97.74564237389382,Pusat kota/kabupaten—kandidat,Kandidat pusat wilayah dari dataset geocode administratif,0.95,ACEH TENGGARA,True,Koordinat belum menunjukkan alamat gedung UPT; wajib diperiksa Super Admin.
Lapas Kelas IIB Langsa,Lapas,IIB,Umum,Aceh,Kantor Wilayah Ditjenpas Aceh,Kota Langsa,,4.468682665859419,97.89864952250001,Pusat kota/kabupaten—kandidat,Kandidat pusat wilayah dari dataset geocode administratif,0.88,LANGSA,True,Koordinat belum menunjukkan alamat gedung UPT; wajib diperiksa Super Admin.
Lapas Kelas IIB Lhoksukon,Lapas,IIB,Umum,Aceh,Kantor Wilayah Ditjenpas Aceh,Aceh Utara,,4.99119405,97.1587368058996,Pusat kota/kabupaten—kandidat,Kandidat pusat wilayah dari dataset geocode administratif,0.95,ACEH UTARA,True,Koordinat belum menunjukkan alamat gedung UPT; wajib diperiksa Super Admin.
Lapas Kelas IIB Meulaboh,Lapas,IIB,Umum,Aceh,Kantor Wilayah Ditjenpas Aceh,Aceh Barat Daya,,3.8335897,96.85161542787151,Pusat kota/kabupaten—kandidat,Kandidat pusat wilayah dari dataset geocode administratif,0.95,ACEH BARAT,True,Koordinat belum menunjukkan alamat gedung UPT; wajib diperiksa Super Admin.
Lapas Kelas III Calang,Lapas,III,Umum,Aceh,Kantor Wilayah Ditjenpas Aceh,Aceh Jaya,,4.811484399999999,95.70019149086998,Pusat kota/kabupaten—kandidat,Kandidat pusat wilayah dari dataset geocode administratif,0.95,ACEH JAYA,True,Koordinat belum menunjukkan alamat gedung UPT; wajib diperiksa Super Admin.
Lapas Kelas III Lhok Nga,Lapas,III,Umum,Aceh,Kantor Wilayah Ditjenpas Aceh,Aceh Besar,,5.3542491000000005,95.49615075465553,Pusat kota/kabupaten—kandidat,Kandidat pusat wilayah dari dataset geocode administratif,0.95,ACEH BESAR,True,Koordinat belum menunjukkan alamat gedung UPT; wajib diperiksa Super Admin.
Lapas Kelas III Sinabang,Lapas,III,Umum,Aceh,Kantor Wilayah Ditjenpas Aceh,Simeulue,,2.6290312,96.02207792472555,Pusat kota/kabupaten—kandidat,Kandidat pusat wilayah dari dataset geocode administratif,0.95,SIMEULUE,True,Koordinat belum menunjukkan alamat gedung UPT; wajib diperiksa Super Admin.
Lapas Narkotika Kelas IIB Langsa,Lapas,IIB,Narkotika,Aceh,Kantor Wilayah Ditjenpas Aceh,Kota Langsa,,4.468682665859419,97.89864952250001,Pusat kota/kabupaten—kandidat,Kandidat pusat wilayah dari dataset geocode administratif,0.88,LANGSA,True,Koordinat belum menunjukkan alamat gedung UPT; wajib diperiksa Super Admin.
Lapas Perempuan Kelas IIB Sigli,Lapas,IIB,Perempuan,Aceh,Kantor Wilayah Ditjenpas Aceh,Pidie Jaya,,5.10477095,96.21166763608278,Pusat kota/kabupaten—kandidat,Kandidat pusat wilayah dari dataset geocode administratif,0.95,PIDIE,True,Koordinat belum menunjukkan alamat gedung UPT; wajib diperiksa Super Admin.
Rutan Kelas IIB Banda Aceh,Rutan,IIB,Umum,Aceh,Kantor Wilayah Ditjenpas Aceh,Kota Banda Aceh,,5.554926868197542,95.35661408701579,Pusat kota/kabupaten—kandidat,Kandidat pusat wilayah dari dataset geocode administratif,0.88,BANDA ACEH,True,Koordinat belum menunjukkan alamat gedung UPT; wajib diperiksa Super Admin.
Rutan Kelas IIB Bener Meriah,Rutan,IIB,Umum,Aceh,Kantor Wilayah Ditjenpas Aceh,Bener Meriah,,4.77387985,96.97800363035068,Pusat kota/kabupaten—kandidat,Kandidat pusat wilayah dari dataset geocode administratif,0.88,BENER MERIAH,True,Koordinat belum menunjukkan alamat gedung UPT; wajib diperiksa Super Admin.
Rutan Kelas IIB Jantho,Rutan,IIB,Umum,Aceh,Kantor Wilayah Ditjenpas Aceh,Aceh Besar,,5.3542491000000005,95.49615075465553,Pusat kota/kabupaten—kandidat,Kandidat pusat wilayah dari dataset geocode administratif,0.95,ACEH BESAR,True,Koordinat belum menunjukkan alamat gedung UPT; wajib diperiksa Super Admin.
Rutan Kelas IIB Sabang,Rutan,IIB,Umum,Aceh,Kantor Wilayah Ditjenpas Aceh,Kota Sabang,,5.831883799668605,95.36353087534283,Pusat kota/kabupaten—kandidat,Kandidat pusat wilayah dari dataset geocode administratif,0.88,SABANG,True,Koordinat belum menunjukkan alamat gedung UPT; wajib diperiksa Super Admin.
Rutan Kelas IIB Sigli,Rutan,IIB,Umum,Aceh,Kantor Wilayah Ditjenpas Aceh,Pidie Jaya,,5.10477095,96.21166763608278,Pusat kota/kabupaten—kandidat,Kandidat pusat wilayah dari dataset geocode administratif,0.95,PIDIE,True,Koordinat belum menunjukkan alamat gedung UPT; wajib diperiksa Super Admin.
Rutan Kelas IIB Singkel,Rutan,IIB,Umum,Aceh,Kantor Wilayah Ditjenpas Aceh,Aceh Singkil,,2.37587935,97.92442948748499,Pusat kota/kabupaten—kandidat,Kandidat pusat wilayah dari dataset geocode administratif,0.95,ACEH SINGKIL,True,Koordinat belum menunjukkan alamat gedung UPT; wajib diperiksa Super Admin.
Rutan Kelas IIB Takengon,Rutan,IIB,Umum,Aceh,Kantor Wilayah Ditjenpas Aceh,Aceh Tengah,,4.564266999999999,96.96189262635659,Pusat kota/kabupaten—kandidat,Kandidat pusat wilayah dari dataset geocode administratif,0.95,ACEH TENGAH,True,Koordinat belum menunjukkan alamat gedung UPT; wajib diperiksa Super Admin.
Rutan Kelas IIB Tapaktuan,Rutan,IIB,Umum,Aceh,Kantor Wilayah Ditjenpas Aceh,Aceh Selatan,,3.0679790000000002,97.4687714679478,Pusat kota/kabupaten—kandidat,Kandidat pusat wilayah dari dataset geocode administratif,0.95,ACEH SELATAN,True,Koordinat belum menunjukkan alamat gedung UPT; wajib diperiksa Super Admin.
Lapas Kelas IIA Kerobokan,Lapas,IIA,Umum,Bali,Kantor Wilayah Ditjenpas Bali,Badung,,-8.644872450000001,115.13590456876861,Pusat kota/kabupaten—kandidat,Kandidat pusat wilayah dari dataset geocode administratif,0.95,BADUNG,True,Koordinat belum menunjukkan alamat gedung UPT; wajib diperiksa Super Admin.
Lapas Kelas IIB Karangasem,Lapas,IIB,Umum,Bali,Kantor Wilayah Ditjenpas Bali,Karangasem,,-8.335561649999999,115.6170729902346,Pusat kota/kabupaten—kandidat,Kandidat pusat wilayah dari dataset geocode administratif,0.88,KARANGASEM,True,Koordinat belum menunjukkan alamat gedung UPT; wajib diperiksa Super Admin.
Lapas Kelas IIB Singaraja,Lapas,IIB,Umum,Bali,Kantor Wilayah Ditjenpas Bali,Buleleng,,-7.8428262,115.19702946173408,Pusat kota/kabupaten—kandidat,Kandidat pusat wilayah dari dataset geocode administratif,0.95,BULELENG,True,Koordinat belum menunjukkan alamat gedung UPT; wajib diperiksa Super Admin.
Lapas Kelas IIB Tabanan,Lapas,IIB,Umum,Bali,Kantor Wilayah Ditjenpas Bali,Tabanan,,-8.5566523,115.00131214613668,Pusat kota/kabupaten—kandidat,Kandidat pusat wilayah dari dataset geocode administratif,0.88,TABANAN,True,Koordinat belum menunjukkan alamat gedung UPT; wajib diperiksa Super Admin.
Lapas Narkotika Kelas IIA Bangli,Lapas,IIA,Narkotika,Bali,Kantor Wilayah Ditjenpas Bali,Bangli,,-8.333336200000002,115.36828121658453,Pusat kota/kabupaten—kandidat,Kandidat pusat wilayah dari dataset geocode administratif,0.88,BANGLI,True,Koordinat belum menunjukkan alamat gedung UPT; wajib diperiksa Super Admin.
Lapas Perempuan Kelas IIA Denpasar,Lapas,IIA,Perempuan,Bali,Kantor Wilayah Ditjenpas Bali,Kota Denpasar,,-8.614589167953891,115.22669913016804,Pusat kota/kabupaten—kandidat,Kandidat pusat wilayah dari dataset geocode administratif,0.88,DENPASAR,True,Koordinat belum menunjukkan alamat gedung UPT; wajib diperiksa Super Admin.
Rutan Kelas IIB Bangli,Rutan,IIB,Umum,Bali,Kantor Wilayah Ditjenpas Bali,Bangli,,-8.333336200000002,115.36828121658453,Pusat kota/kabupaten—kandidat,Kandidat pusat wilayah dari dataset geocode administratif,0.88,BANGLI,True,Koordinat belum menunjukkan alamat gedung UPT; wajib diperiksa Super Admin.
Rutan Kelas IIB Gianyar,Rutan,IIB,Umum,Bali,Kantor Wilayah Ditjenpas Bali,Gianyar,,-8.70451175,115.35232183794045,Pusat kota/kabupaten—kandidat,Kandidat pusat wilayah dari dataset geocode administratif,0.88,GIANYAR,True,Koordinat belum menunjukkan alamat gedung UPT; wajib diperiksa Super Admin.
Rutan Kelas IIB Klungkung,Rutan,IIB,Umum,Bali,Kantor Wilayah Ditjenpas Bali,Klungkung,,-8.74460265,115.55754419275121,Pusat kota/kabupaten—kandidat,Kandidat pusat wilayah dari dataset geocode administratif,0.88,KLUNGKUNG,True,Koordinat belum menunjukkan alamat gedung UPT; wajib diperiksa Super Admin.
Rutan Kelas IIB Negara,Rutan,IIB,Umum,Bali,Kantor Wilayah Ditjenpas Bali,Jembrana,,-8.3955784,114.70546114941027,Pusat kota/kabupaten—kandidat,Kandidat pusat wilayah dari dataset geocode administratif,0.95,JEMBRANA,True,Koordinat belum menunjukkan alamat gedung UPT; wajib diperiksa Super Admin.
Lapas Kelas I Tangerang,Lapas,I,Umum,Banten,Kantor Wilayah Ditjenpas Banten,Kota Tangerang Selatan,,-6.355866971669476,106.7134462955451,Pusat kota/kabupaten—kandidat,Kandidat pusat wilayah dari dataset geocode administratif,0.88,TANGERANG,True,Koordinat belum menunjukkan alamat gedung UPT; wajib diperiksa Super Admin.
Lapas Kelas IIA Cilegon,Lapas,IIA,Umum,Banten,Kantor Wilayah Ditjenpas Banten,Kota Cilegon,,-6.0163386296231955,106.03634140120779,Pusat kota/kabupaten—kandidat,Kandidat pusat wilayah dari dataset geocode administratif,0.88,CILEGON,True,Koordinat belum menunjukkan alamat gedung UPT; wajib diperiksa Super Admin.
Lapas Kelas IIA Serang,Lapas,IIA,Umum,Banten,Kantor Wilayah Ditjenpas Banten,Serang,,-6.1169662,106.1518079,Pusat kota/kabupaten—kandidat,Kandidat pusat wilayah dari dataset geocode administratif,0.88,SERANG,True,Koordinat belum menunjukkan alamat gedung UPT; wajib diperiksa Super Admin.
Lapas Kelas IIA Tangerang,Lapas,IIA,Umum,Banten,Kantor Wilayah Ditjenpas Banten,Kota Tangerang Selatan,,-6.355866971669476,106.7134462955451,Pusat kota/kabupaten—kandidat,Kandidat pusat wilayah dari dataset geocode administratif,0.88,TANGERANG,True,Koordinat belum menunjukkan alamat gedung UPT; wajib diperiksa Super Admin.
Lapas Kelas III Rangkasbitung,Lapas,III,Umum,Banten,Kantor Wilayah Ditjenpas Banten,Lebak,,-6.6432601,106.18727177777018,Pusat kota/kabupaten—kandidat,Kandidat pusat wilayah dari dataset geocode administratif,0.95,LEBAK,True,Koordinat belum menunjukkan alamat gedung UPT; wajib diperiksa Super Admin.
Lapas Pemuda Kelas IIA Tangerang,Lapas,IIA,Pemuda,Banten,Kantor Wilayah Ditjenpas Banten,Kota Tangerang Selatan,,-6.355866971669476,106.7134462955451,Pusat kota/kabupaten—kandidat,Kandidat pusat wilayah dari dataset geocode administratif,0.88,TANGERANG,True,Koordinat belum menunjukkan alamat gedung UPT; wajib diperiksa Super Admin.
Lapas Perempuan Kelas IIA Tangerang,Lapas,IIA,Perempuan,Banten,Kantor Wilayah Ditjenpas Banten,Kota Tangerang Selatan,,-6.355866971669476,106.7134462955451,Pusat kota/kabupaten—kandidat,Kandidat pusat wilayah dari dataset geocode administratif,0.88,TANGERANG,True,Koordinat belum menunjukkan alamat gedung UPT; wajib diperiksa Super Admin.
Lapas Terbuka Kelas IIB Ciangir,Lapas,IIB,Terbuka,Banten,Kantor Wilayah Ditjenpas Banten,Kota Tangerang Selatan,,-6.355866971669476,106.7134462955451,Pusat kota/kabupaten—kandidat,Kandidat pusat wilayah dari dataset geocode administratif,0.95,TANGERANG,True,Koordinat belum menunjukkan alamat gedung UPT; wajib diperiksa Super Admin.
Rutan Kelas I Tangerang,Rutan,I,Umum,Banten,Kantor Wilayah Ditjenpas Banten,Kota Tangerang Selatan,,-6.355866971669476,106.7134462955451,Pusat kota/kabupaten—kandidat,Kandidat pusat wilayah dari dataset geocode administratif,0.88,TANGERANG,True,Koordinat belum menunjukkan alamat gedung UPT; wajib diperiksa Super Admin.
Rutan Kelas IIB Pandeglang,Rutan,IIB,Umum,Banten,Kantor Wilayah Ditjenpas Banten,Pandeglang,,-6.547376549999999,105.79948786292081,Pusat kota/kabupaten—kandidat,Kandidat pusat wilayah dari dataset geocode administratif,0.88,PANDEGLANG,True,Koordinat belum menunjukkan alamat gedung UPT; wajib diperiksa Super Admin.
Rutan Kelas IIB Serang,Rutan,IIB,Umum,Banten,Kantor Wilayah Ditjenpas Banten,Serang,,-6.1169662,106.1518079,Pusat kota/kabupaten—kandidat,Kandidat pusat wilayah dari dataset geocode administratif,0.88,SERANG,True,Koordinat belum menunjukkan alamat gedung UPT; wajib diperiksa Super Admin.
Lapas Kelas IIA Bengkulu,Lapas,IIA,Umum,Bengkulu,Kantor Wilayah Ditjenpas Bengkulu,Bengkulu Selatan,,-4.3589877,103.00203887965941,Pusat kota/kabupaten—kandidat,Kandidat pusat wilayah dari dataset geocode administratif,0.88,BENGKULU,True,Koordinat belum menunjukkan alamat gedung UPT; wajib diperiksa Super Admin.
Lapas Kelas IIA Curup,Lapas,IIA,Umum,Bengkulu,Kantor Wilayah Ditjenpas Bengkulu,Rejang Lebong,,-3.4389041000000002,102.69848531445534,Pusat kota/kabupaten—kandidat,Kandidat pusat wilayah dari dataset geocode administratif,0.95,REJANG LEBONG,True,Koordinat belum menunjukkan alamat gedung UPT; wajib diperiksa Super Admin.
Lapas Kelas IIB Argamakmur,Lapas,IIB,Umum,Bengkulu,Kantor Wilayah Ditjenpas Bengkulu,Bengkulu Utara,,-3.1891332500000003,101.85764183852012,Pusat kota/kabupaten—kandidat,Kandidat pusat wilayah dari dataset geocode administratif,0.95,BENGKULU UTARA,True,Koordinat belum menunjukkan alamat gedung UPT; wajib diperiksa Super Admin.
Lapas Perempuan Kelas IIB Bengkulu,Lapas,IIB,Perempuan,Bengkulu,Kantor Wilayah Ditjenpas Bengkulu,Bengkulu Selatan,,-4.3589877,103.00203887965941,Pusat kota/kabupaten—kandidat,Kandidat pusat wilayah dari dataset geocode administratif,0.88,BENGKULU,True,Koordinat belum menunjukkan alamat gedung UPT; wajib diperiksa Super Admin.
Rutan Kelas IIB Bengkulu,Rutan,IIB,Umum,Bengkulu,Kantor Wilayah Ditjenpas Bengkulu,Bengkulu Selatan,,-4.3589877,103.00203887965941,Pusat kota/kabupaten—kandidat,Kandidat pusat wilayah dari dataset geocode administratif,0.88,BENGKULU,True,Koordinat belum menunjukkan alamat gedung UPT; wajib diperiksa Super Admin.
Rutan Kelas IIB Manna,Rutan,IIB,Umum,Bengkulu,Kantor Wilayah Ditjenpas Bengkulu,Bengkulu Selatan,,-4.3589877,103.00203887965941,Pusat kota/kabupaten—kandidat,Kandidat pusat wilayah dari dataset geocode administratif,0.95,BENGKULU SELATAN,True,Koordinat belum menunjukkan alamat gedung UPT; wajib diperiksa Super Admin.
Lapas Kelas IIA Yogyakarta,Lapas,IIA,Umum,D.I. Yogyakarta,Kantor Wilayah Ditjenpas D.I. Yogyakarta,Kota Yogyakarta,,-7.8261393237615815,110.40212575573844,Pusat kota/kabupaten—kandidat,Kandidat pusat wilayah dari dataset geocode administratif,0.88,YOGYAKARTA,True,Koordinat belum menunjukkan alamat gedung UPT; wajib diperiksa Super Admin.
Lapas Kelas IIB Sleman,Lapas,IIB,Umum,D.I. Yogyakarta,Kantor Wilayah Ditjenpas D.I. Yogyakarta,Sleman,,-7.6902467,110.3419864,Pusat kota/kabupaten—kandidat,Kandidat pusat wilayah dari dataset geocode administratif,0.88,SLEMAN,True,Koordinat belum menunjukkan alamat gedung UPT; wajib diperiksa Super Admin.
Lapas Narkotika Kelas IIA Yogyakarta,Lapas,IIA,Narkotika,D.I. Yogyakarta,Kantor Wilayah Ditjenpas D.I. Yogyakarta,Kota Yogyakarta,,-7.8261393237615815,110.40212575573844,Pusat kota/kabupaten—kandidat,Kandidat pusat wilayah dari dataset geocode administratif,0.88,YOGYAKARTA,True,Koordinat belum menunjukkan alamat gedung UPT; wajib diperiksa Super Admin.
Lapas Perempuan Kelas IIB Yogyakarta,Lapas,IIB,Perempuan,D.I. Yogyakarta,Kantor Wilayah Ditjenpas D.I. Yogyakarta,Kota Yogyakarta,,-7.8261393237615815,110.40212575573844,Pusat kota/kabupaten—kandidat,Kandidat pusat wilayah dari dataset geocode administratif,0.88,YOGYAKARTA,True,Koordinat belum menunjukkan alamat gedung UPT; wajib diperiksa Super Admin.
Rutan Kelas IIA Yogyakarta,Rutan,IIA,Umum,D.I. Yogyakarta,Kantor Wilayah Ditjenpas D.I. Yogyakarta,Kota Yogyakarta,,-7.8261393237615815,110.40212575573844,Pusat kota/kabupaten—kandidat,Kandidat pusat wilayah dari dataset geocode administratif,0.88,YOGYAKARTA,True,Koordinat belum menunjukkan alamat gedung UPT; wajib diperiksa Super Admin.
Rutan Kelas IIB Bantul,Rutan,IIB,Umum,D.I. Yogyakarta,Kantor Wilayah Ditjenpas D.I. Yogyakarta,Bantul,,-7.8877454,110.3274139,Pusat kota/kabupaten—kandidat,Kandidat pusat wilayah dari dataset geocode administratif,0.88,BANTUL,True,Koordinat belum menunjukkan alamat gedung UPT; wajib diperiksa Super Admin.
Rutan Kelas IIB Wates,Rutan,IIB,Umum,D.I. Yogyakarta,Kantor Wilayah Ditjenpas D.I. Yogyakarta,Kulon Progo,,-7.8123076000000005,110.14798278891979,Pusat kota/kabupaten—kandidat,Kandidat pusat wilayah dari dataset geocode administratif,0.95,KULON PROGO,True,Koordinat belum menunjukkan alamat gedung UPT; wajib diperiksa Super Admin.
Rutan Kelas IIB Wonosari,Rutan,IIB,Umum,D.I. Yogyakarta,Kantor Wilayah Ditjenpas D.I. Yogyakarta,Gunungkidul,,-7.9930377,110.55793090404615,Pusat kota/kabupaten—kandidat,Kandidat pusat wilayah dari dataset geocode administratif,0.95,GUNUNGKIDUL,True,Koordinat belum menunjukkan alamat gedung UPT; wajib diperiksa Super Admin.
Lapas Kelas I Cipinang,Lapas,I,Umum,DKI Jakarta,Kantor Wilayah Ditjenpas DKI Jakarta,Kota Jakarta Timur,,-6.26289085,106.88222894692834,Pusat kota/kabupaten—kandidat,Kandidat pusat wilayah dari dataset geocode administratif,0.95,JAKARTA TIMUR,True,Koordinat belum menunjukkan alamat gedung UPT; wajib diperiksa Super Admin.
Lapas Kelas IIA Salemba,Lapas,IIA,Umum,DKI Jakarta,Kantor Wilayah Ditjenpas DKI Jakarta,Kota Jakarta Pusat,,-6.18233995,106.84287153600738,Pusat kota/kabupaten—kandidat,Kandidat pusat wilayah dari dataset geocode administratif,0.95,JAKARTA PUSAT,True,Koordinat belum menunjukkan alamat gedung UPT; wajib diperiksa Super Admin.
Lapas Narkotika Kelas IIA Jakarta,Lapas,IIA,Narkotika,DKI Jakarta,Kantor Wilayah Ditjenpas DKI Jakarta,Kota Jakarta Selatan,,-6.28381815,106.80486325728526,Pusat kota/kabupaten—kandidat,Kandidat pusat wilayah dari dataset geocode administratif,0.88,JAKARTA,True,Koordinat belum menunjukkan alamat gedung UPT; wajib diperiksa Super Admin.
Lapas Perempuan Kelas IIA Jakarta,Lapas,IIA,Perempuan,DKI Jakarta,Kantor Wilayah Ditjenpas DKI Jakarta,Kota Jakarta Selatan,,-6.28381815,106.80486325728526,Pusat kota/kabupaten—kandidat,Kandidat pusat wilayah dari dataset geocode administratif,0.88,JAKARTA,True,Koordinat belum menunjukkan alamat gedung UPT; wajib diperiksa Super Admin.
Rutan Kelas I Cipinang,Rutan,I,Umum,DKI Jakarta,Kantor Wilayah Ditjenpas DKI Jakarta,Kota Jakarta Timur,,-6.26289085,106.88222894692834,Pusat kota/kabupaten—kandidat,Kandidat pusat wilayah dari dataset geocode administratif,0.95,JAKARTA TIMUR,True,Koordinat belum menunjukkan alamat gedung UPT; wajib diperiksa Super Admin.
Rutan Kelas I Jakarta Pusat,Rutan,I,Umum,DKI Jakarta,Kantor Wilayah Ditjenpas DKI Jakarta,Kota Jakarta Pusat,,-6.18233995,106.84287153600738,Pusat kota/kabupaten—kandidat,Kandidat pusat wilayah dari dataset geocode administratif,0.88,JAKARTA PUSAT,True,Koordinat belum menunjukkan alamat gedung UPT; wajib diperiksa Super Admin.
Rutan Kelas I Pondok Bambu,Rutan,I,Umum,DKI Jakarta,Kantor Wilayah Ditjenpas DKI Jakarta,Kota Jakarta Timur,,-6.26289085,106.88222894692834,Pusat kota/kabupaten—kandidat,Kandidat pusat wilayah dari dataset geocode administratif,0.95,JAKARTA TIMUR,True,Koordinat belum menunjukkan alamat gedung UPT; wajib diperiksa Super Admin.
Lapas Kelas IIA Gorontalo,Lapas,IIA,Umum,Gorontalo,Kantor Wilayah Ditjenpas Gorontalo,Gorontalo Utara,,0.86619755,123.04952863746922,Pusat kota/kabupaten—kandidat,Kandidat pusat wilayah dari dataset geocode administratif,0.88,GORONTALO,True,Koordinat belum menunjukkan alamat gedung UPT; wajib diperiksa Super Admin.
Lapas Kelas IIB Boalemo,Lapas,IIB,Umum,Gorontalo,Kantor Wilayah Ditjenpas Gorontalo,Boalemo,,0.6876201500000001,122.3356833162286,Pusat kota/kabupaten—kandidat,Kandidat pusat wilayah dari dataset geocode administratif,0.88,BOALEMO,True,Koordinat belum menunjukkan alamat gedung UPT; wajib diperiksa Super Admin.
Lapas Kelas IIB Pahuwato,Lapas,IIB,Umum,Gorontalo,Kantor Wilayah Ditjenpas Gorontalo,,,0.6999,122.4467,Pusat provinsi—perlu verifikasi,Kandidat pusat wilayah dari dataset geocode administratif,0.093,PAHUWATO,True,Koordinat belum menunjukkan alamat gedung UPT; wajib diperiksa Super Admin.
Lapas Perempuan Kelas III Gorontalo,Lapas,III,Perempuan,Gorontalo,Kantor Wilayah Ditjenpas Gorontalo,Gorontalo Utara,,0.86619755,123.04952863746922,Pusat kota/kabupaten—kandidat,Kandidat pusat wilayah dari dataset geocode administratif,0.88,GORONTALO,True,Koordinat belum menunjukkan alamat gedung UPT; wajib diperiksa Super Admin.
Lapas Kelas IIA Jambi,Lapas,IIA,Umum,Jambi,Kantor Wilayah Ditjenpas Jambi,Muaro Jambi,,-1.7076543499999999,103.78608017766149,Pusat kota/kabupaten—kandidat,Kandidat pusat wilayah dari dataset geocode administratif,0.88,JAMBI,True,Koordinat belum menunjukkan alamat gedung UPT; wajib diperiksa Super Admin.
Lapas Kelas IIB Bangko,Lapas,IIB,Umum,Jambi,Kantor Wilayah Ditjenpas Jambi,Merangin,,-2.20844725,102.11710643989184,Pusat kota/kabupaten—kandidat,Kandidat pusat wilayah dari dataset geocode administratif,0.95,MERANGIN,True,Koordinat belum menunjukkan alamat gedung UPT; wajib diperiksa Super Admin.
Lapas Kelas IIB Kuala Tungkal,Lapas,IIB,Umum,Jambi,Kantor Wilayah Ditjenpas Jambi,Tanjung Jabung Barat,,-0.9831039500000001,103.26924725298417,Pusat kota/kabupaten—kandidat,Kandidat pusat wilayah dari dataset geocode administratif,0.95,TANJUNG JABUNG BARAT,True,Koordinat belum menunjukkan alamat gedung UPT; wajib diperiksa Super Admin.
Lapas Kelas IIB Muara Bulian,Lapas,IIB,Umum,Jambi,Kantor Wilayah Ditjenpas Jambi,Batanghari,,-1.8592387499999998,103.00750018582107,Pusat kota/kabupaten—kandidat,Kandidat pusat wilayah dari dataset geocode administratif,0.95,BATANGHARI,True,Koordinat belum menunjukkan alamat gedung UPT; wajib diperiksa Super Admin.
Lapas Kelas IIB Muara Bungo,Lapas,IIB,Umum,Jambi,Kantor Wilayah Ditjenpas Jambi,Bungo,,-1.5151875499999998,101.9989364777984,Pusat kota/kabupaten—kandidat,Kandidat pusat wilayah dari dataset geocode administratif,0.95,BUNGO,True,Koordinat belum menunjukkan alamat gedung UPT; wajib diperiksa Super Admin.
Lapas Kelas IIB Muara Tebo,Lapas,IIB,Umum,Jambi,Kantor Wilayah Ditjenpas Jambi,Tebo,,-1.3884531,102.44058987594906,Pusat kota/kabupaten—kandidat,Kandidat pusat wilayah dari dataset geocode administratif,0.95,TEBO,True,Koordinat belum menunjukkan alamat gedung UPT; wajib diperiksa Super Admin.
Lapas Kelas IIB Sarolangun,Lapas,IIB,Umum,Jambi,Kantor Wilayah Ditjenpas Jambi,Sarolangun,,-2.3312458,102.62753289964513,Pusat kota/kabupaten—kandidat,Kandidat pusat wilayah dari dataset geocode administratif,0.88,SAROLANGUN,True,Koordinat belum menunjukkan alamat gedung UPT; wajib diperiksa Super Admin.
Lapas Narkotika Kelas IIB Muara Sabak,Lapas,IIB,Narkotika,Jambi,Kantor Wilayah Ditjenpas Jambi,Tanjung Jabung Timur,,-1.17728865,104.228481773879,Pusat kota/kabupaten—kandidat,Kandidat pusat wilayah dari dataset geocode administratif,0.95,TANJUNG JABUNG TIMUR,True,Koordinat belum menunjukkan alamat gedung UPT; wajib diperiksa Super Admin.
Lapas Perempuan Kelas IIB Jambi,Lapas,IIB,Perempuan,Jambi,Kantor Wilayah Ditjenpas Jambi,Muaro Jambi,,-1.7076543499999999,103.78608017766149,Pusat kota/kabupaten—kandidat,Kandidat pusat wilayah dari dataset geocode administratif,0.88,JAMBI,True,Koordinat belum menunjukkan alamat gedung UPT; wajib diperiksa Super Admin.
Rutan Kelas IIB Sungai Penuh,Rutan,IIB,Umum,Jambi,Kantor Wilayah Ditjenpas Jambi,Kota Sungai Penuh,,-2.049119159227775,101.34913454018543,Pusat kota/kabupaten—kandidat,Kandidat pusat wilayah dari dataset geocode administratif,0.95,KOTA SUNGAI PENUH,True,Koordinat belum menunjukkan alamat gedung UPT; wajib diperiksa Super Admin.
Lapas Kelas I Cirebon,Lapas,I,Umum,Jawa Barat,Kantor Wilayah Ditjenpas Jawa Barat,Cirebon,,-6.7137044,108.5608483,Pusat kota/kabupaten—kandidat,Kandidat pusat wilayah dari dataset geocode administratif,0.88,CIREBON,True,Koordinat belum menunjukkan alamat gedung UPT; wajib diperiksa Super Admin.
Lapas Kelas I Sukamiskin,Lapas,I,Umum,Jawa Barat,Kantor Wilayah Ditjenpas Jawa Barat,Bandung Barat,,-6.89775405,107.41242936450845,Pusat kota/kabupaten—kandidat,Kandidat pusat wilayah dari dataset geocode administratif,0.95,BANDUNG,True,Koordinat belum menunjukkan alamat gedung UPT; wajib diperiksa Super Admin.
Lapas Kelas IIA Banceuy Bandung,Lapas,IIA,Umum,Jawa Barat,Kantor Wilayah Ditjenpas Jawa Barat,Bandung Barat,,-6.89775405,107.41242936450845,Pusat kota/kabupaten—kandidat,Kandidat pusat wilayah dari dataset geocode administratif,0.95,BANDUNG,True,Koordinat belum menunjukkan alamat gedung UPT; wajib diperiksa Super Admin.
Lapas Kelas IIA Bekasi,Lapas,IIA,Umum,Jawa Barat,Kantor Wilayah Ditjenpas Jawa Barat,Bekasi,,-6.2349858,106.9945444,Pusat kota/kabupaten—kandidat,Kandidat pusat wilayah dari dataset geocode administratif,0.88,BEKASI,True,Koordinat belum menunjukkan alamat gedung UPT; wajib diperiksa Super Admin.
Lapas Kelas IIA Bogor,Lapas,IIA,Umum,Jawa Barat,Kantor Wilayah Ditjenpas Jawa Barat,Bogor,,-6.5962986,106.7972421,Pusat kota/kabupaten—kandidat,Kandidat pusat wilayah dari dataset geocode administratif,0.88,BOGOR,True,Koordinat belum menunjukkan alamat gedung UPT; wajib diperiksa Super Admin.
Lapas Kelas IIA Cibinong,Lapas,IIA,Umum,Jawa Barat,Kantor Wilayah Ditjenpas Jawa Barat,Bogor,,-6.5962986,106.7972421,Pusat kota/kabupaten—kandidat,Kandidat pusat wilayah dari dataset geocode administratif,0.95,BOGOR,True,Koordinat belum menunjukkan alamat gedung UPT; wajib diperiksa Super Admin.
Lapas Kelas IIA Cikarang,Lapas,IIA,Umum,Jawa Barat,Kantor Wilayah Ditjenpas Jawa Barat,Bekasi,,-6.2349858,106.9945444,Pusat kota/kabupaten—kandidat,Kandidat pusat wilayah dari dataset geocode administratif,0.95,BEKASI,True,Koordinat belum menunjukkan alamat gedung UPT; wajib diperiksa Super Admin.
Lapas Kelas IIA Karawang,Lapas,IIA,Umum,Jawa Barat,Kantor Wilayah Ditjenpas Jawa Barat,Karawang,,-6.3021906,107.3046116,Pusat kota/kabupaten—kandidat,Kandidat pusat wilayah dari dataset geocode administratif,0.88,KARAWANG,True,Koordinat belum menunjukkan alamat gedung UPT; wajib diperiksa Super Admin.
Lapas Kelas IIA Kuningan,Lapas,IIA,Umum,Jawa Barat,Kantor Wilayah Ditjenpas Jawa Barat,Kuningan,,-6.9869841,108.5538158340074,Pusat kota/kabupaten—kandidat,Kandidat pusat wilayah dari dataset geocode administratif,0.88,KUNINGAN,True,Koordinat belum menunjukkan alamat gedung UPT; wajib diperiksa Super Admin.
Lapas Kelas IIA Subang,Lapas,IIA,Umum,Jawa Barat,Kantor Wilayah Ditjenpas Jawa Barat,Subang,,-6.49838875,107.73954601355435,Pusat kota/kabupaten—kandidat,Kandidat pusat wilayah dari dataset geocode administratif,0.88,SUBANG,True,Koordinat belum menunjukkan alamat gedung UPT; wajib diperiksa Super Admin.
Lapas Kelas IIB Banjar,Lapas,IIB,Umum,Jawa Barat,Kantor Wilayah Ditjenpas Jawa Barat,Kota Banjar,,-7.391726365059707,108.61501188214156,Pusat kota/kabupaten—kandidat,Kandidat pusat wilayah dari dataset geocode administratif,0.88,BANJAR,True,Koordinat belum menunjukkan alamat gedung UPT; wajib diperiksa Super Admin.
Lapas Kelas IIB Ciamis,Lapas,IIB,Umum,Jawa Barat,Kantor Wilayah Ditjenpas Jawa Barat,Ciamis,,-7.313159300000001,108.40489379583816,Pusat kota/kabupaten—kandidat,Kandidat pusat wilayah dari dataset geocode administratif,0.88,CIAMIS,True,Koordinat belum menunjukkan alamat gedung UPT; wajib diperiksa Super Admin.
Lapas Kelas IIB Cianjur,Lapas,IIB,Umum,Jawa Barat,Kantor Wilayah Ditjenpas Jawa Barat,Cianjur,,-7.0542441,107.06914276067964,Pusat kota/kabupaten—kandidat,Kandidat pusat wilayah dari dataset geocode administratif,0.88,CIANJUR,True,Koordinat belum menunjukkan alamat gedung UPT; wajib diperiksa Super Admin.
Lapas Kelas IIB Garut,Lapas,IIB,Umum,Jawa Barat,Kantor Wilayah Ditjenpas Jawa Barat,Garut,,-7.2162543,107.9014912,Pusat kota/kabupaten—kandidat,Kandidat pusat wilayah dari dataset geocode administratif,0.88,GARUT,True,Koordinat belum menunjukkan alamat gedung UPT; wajib diperiksa Super Admin.
Lapas Kelas IIB Indramayu,Lapas,IIB,Umum,Jawa Barat,Kantor Wilayah Ditjenpas Jawa Barat,Indramayu,,-6.4418536500000005,108.17654724128828,Pusat kota/kabupaten—kandidat,Kandidat pusat wilayah dari dataset geocode administratif,0.88,INDRAMAYU,True,Koordinat belum menunjukkan alamat gedung UPT; wajib diperiksa Super Admin.
Lapas Kelas IIB Majalengka,Lapas,IIB,Umum,Jawa Barat,Kantor Wilayah Ditjenpas Jawa Barat,Majalengka,,-6.8073627,108.27878604491181,Pusat kota/kabupaten—kandidat,Kandidat pusat wilayah dari dataset geocode administratif,0.88,MAJALENGKA,True,Koordinat belum menunjukkan alamat gedung UPT; wajib diperiksa Super Admin.
Lapas Kelas IIB Purwakarta,Lapas,IIB,Umum,Jawa Barat,Kantor Wilayah Ditjenpas Jawa Barat,Purwakarta,,-6.5527796,107.4465323,Pusat kota/kabupaten—kandidat,Kandidat pusat wilayah dari dataset geocode administratif,0.88,PURWAKARTA,True,Koordinat belum menunjukkan alamat gedung UPT; wajib diperiksa Super Admin.
Lapas Kelas IIB Sukabumi,Lapas,IIB,Umum,Jawa Barat,Kantor Wilayah Ditjenpas Jawa Barat,Sukabumi,,-6.9199289,106.9265095,Pusat kota/kabupaten—kandidat,Kandidat pusat wilayah dari dataset geocode administratif,0.88,SUKABUMI,True,Koordinat belum menunjukkan alamat gedung UPT; wajib diperiksa Super Admin.
Lapas Kelas IIB Sumedang,Lapas,IIB,Umum,Jawa Barat,Kantor Wilayah Ditjenpas Jawa Barat,Sumedang,,-6.80987135,107.98177315918636,Pusat kota/kabupaten—kandidat,Kandidat pusat wilayah dari dataset geocode administratif,0.88,SUMEDANG,True,Koordinat belum menunjukkan alamat gedung UPT; wajib diperiksa Super Admin.
Lapas Kelas IIB Tasikmalaya,Lapas,IIB,Umum,Jawa Barat,Kantor Wilayah Ditjenpas Jawa Barat,Tasikmalaya,,-7.3262484,108.2201154,Pusat kota/kabupaten—kandidat,Kandidat pusat wilayah dari dataset geocode administratif,0.88,TASIKMALAYA,True,Koordinat belum menunjukkan alamat gedung UPT; wajib diperiksa Super Admin.
Lapas Kelas IIB Warung Kiara,Lapas,IIB,Umum,Jawa Barat,Kantor Wilayah Ditjenpas Jawa Barat,Sukabumi,,-6.9199289,106.9265095,Pusat kota/kabupaten—kandidat,Kandidat pusat wilayah dari dataset geocode administratif,0.95,SUKABUMI,True,Koordinat belum menunjukkan alamat gedung UPT; wajib diperiksa Super Admin.
Lapas Khusus Kelas IIA Gunung Sindur,Lapas,IIA,Khusus,Jawa Barat,Kantor Wilayah Ditjenpas Jawa Barat,Bogor,,-6.5962986,106.7972421,Pusat kota/kabupaten—kandidat,Kandidat pusat wilayah dari dataset geocode administratif,0.95,BOGOR,True,Koordinat belum menunjukkan alamat gedung UPT; wajib diperiksa Super Admin.
Lapas Khusus Kelas IIB Sentul,Lapas,IIB,Khusus,Jawa Barat,Kantor Wilayah Ditjenpas Jawa Barat,Bogor,,-6.5962986,106.7972421,Pusat kota/kabupaten—kandidat,Kandidat pusat wilayah dari dataset geocode administratif,0.95,BOGOR,True,Koordinat belum menunjukkan alamat gedung UPT; wajib diperiksa Super Admin.
Lapas Narkotika Kelas IIA Bandung,Lapas,IIA,Narkotika,Jawa Barat,Kantor Wilayah Ditjenpas Jawa Barat,Bandung Barat,,-6.89775405,107.41242936450845,Pusat kota/kabupaten—kandidat,Kandidat pusat wilayah dari dataset geocode administratif,0.88,BANDUNG,True,Koordinat belum menunjukkan alamat gedung UPT; wajib diperiksa Super Admin.
Lapas Narkotika Kelas IIA Cirebon,Lapas,IIA,Narkotika,Jawa Barat,Kantor Wilayah Ditjenpas Jawa Barat,Cirebon,,-6.7137044,108.5608483,Pusat kota/kabupaten—kandidat,Kandidat pusat wilayah dari dataset geocode administratif,0.88,CIREBON,True,Koordinat belum menunjukkan alamat gedung UPT; wajib diperiksa Super Admin.
Lapas Narkotika Kelas IIA Gunung Sindur,Lapas,IIA,Narkotika,Jawa Barat,Kantor Wilayah Ditjenpas Jawa Barat,Bogor,,-6.5962986,106.7972421,Pusat kota/kabupaten—kandidat,Kandidat pusat wilayah dari dataset geocode administratif,0.95,BOGOR,True,Koordinat belum menunjukkan alamat gedung UPT; wajib diperiksa Super Admin.
Lapas Perempuan Kelas IIA Bandung,Lapas,IIA,Perempuan,Jawa Barat,Kantor Wilayah Ditjenpas Jawa Barat,Bandung Barat,,-6.89775405,107.41242936450845,Pusat kota/kabupaten—kandidat,Kandidat pusat wilayah dari dataset geocode administratif,0.88,BANDUNG,True,Koordinat belum menunjukkan alamat gedung UPT; wajib diperiksa Super Admin.
Rutan Kelas I Bandung,Rutan,I,Umum,Jawa Barat,Kantor Wilayah Ditjenpas Jawa Barat,Bandung Barat,,-6.89775405,107.41242936450845,Pusat kota/kabupaten—kandidat,Kandidat pusat wilayah dari dataset geocode administratif,0.88,BANDUNG,True,Koordinat belum menunjukkan alamat gedung UPT; wajib diperiksa Super Admin.
Rutan Kelas I Cirebon,Rutan,I,Umum,Jawa Barat,Kantor Wilayah Ditjenpas Jawa Barat,Cirebon,,-6.7137044,108.5608483,Pusat kota/kabupaten—kandidat,Kandidat pusat wilayah dari dataset geocode administratif,0.88,CIREBON,True,Koordinat belum menunjukkan alamat gedung UPT; wajib diperiksa Super Admin.
Rutan Kelas I Depok,Rutan,I,Umum,Jawa Barat,Kantor Wilayah Ditjenpas Jawa Barat,Kota Depok,,-6.429776863206949,106.74268947655634,Pusat kota/kabupaten—kandidat,Kandidat pusat wilayah dari dataset geocode administratif,0.88,DEPOK,True,Koordinat belum menunjukkan alamat gedung UPT; wajib diperiksa Super Admin.
Rutan Kelas IIB Garut,Rutan,IIB,Umum,Jawa Barat,Kantor Wilayah Ditjenpas Jawa Barat,Garut,,-7.2162543,107.9014912,Pusat kota/kabupaten—kandidat,Kandidat pusat wilayah dari dataset geocode administratif,0.88,GARUT,True,Koordinat belum menunjukkan alamat gedung UPT; wajib diperiksa Super Admin.
Rutan Perempuan Kelas IIA Bandung,Rutan,IIA,Perempuan,Jawa Barat,Kantor Wilayah Ditjenpas Jawa Barat,Bandung Barat,,-6.89775405,107.41242936450845,Pusat kota/kabupaten—kandidat,Kandidat pusat wilayah dari dataset geocode administratif,0.88,BANDUNG,True,Koordinat belum menunjukkan alamat gedung UPT; wajib diperiksa Super Admin.
Lapas Kelas I Batu High Risk Narkotika Nusakambangan,Lapas,I,Narkotika,Jawa Tengah,Kantor Wilayah Ditjenpas Jawa Tengah,Cilacap,,-7.46167105,108.80461463117007,Pusat kota/kabupaten—kandidat,Kandidat pusat wilayah dari dataset geocode administratif,0.95,CILACAP,True,Koordinat belum menunjukkan alamat gedung UPT; wajib diperiksa Super Admin.
Lapas Kelas I Semarang,Lapas,I,Umum,Jawa Tengah,Kantor Wilayah Ditjenpas Jawa Tengah,Semarang,,-6.9903988,110.4229104,Pusat kota/kabupaten—kandidat,Kandidat pusat wilayah dari dataset geocode administratif,0.88,SEMARANG,True,Koordinat belum menunjukkan alamat gedung UPT; wajib diperiksa Super Admin.
Lapas Kelas IIA Ambarawa,Lapas,IIA,Umum,Jawa Tengah,Kantor Wilayah Ditjenpas Jawa Tengah,Semarang,,-6.9903988,110.4229104,Pusat kota/kabupaten—kandidat,Kandidat pusat wilayah dari dataset geocode administratif,0.95,SEMARANG,True,Koordinat belum menunjukkan alamat gedung UPT; wajib diperiksa Super Admin.
Lapas Kelas IIA Besi Nusakambangan,Lapas,IIA,Umum,Jawa Tengah,Kantor Wilayah Ditjenpas Jawa Tengah,Cilacap,,-7.46167105,108.80461463117007,Pusat kota/kabupaten—kandidat,Kandidat pusat wilayah dari dataset geocode administratif,0.95,CILACAP,True,Koordinat belum menunjukkan alamat gedung UPT; wajib diperiksa Super Admin.
Lapas Kelas IIA Kembang Kuning Nusakambangan,Lapas,IIA,Umum,Jawa Tengah,Kantor Wilayah Ditjenpas Jawa Tengah,Cilacap,,-7.46167105,108.80461463117007,Pusat kota/kabupaten—kandidat,Kandidat pusat wilayah dari dataset geocode administratif,0.95,CILACAP,True,Koordinat belum menunjukkan alamat gedung UPT; wajib diperiksa Super Admin.
Lapas Kelas IIA Kendal,Lapas,IIA,Umum,Jawa Tengah,Kantor Wilayah Ditjenpas Jawa Tengah,Kendal,,-7.01909655,110.13747567422602,Pusat kota/kabupaten—kandidat,Kandidat pusat wilayah dari dataset geocode administratif,0.88,KENDAL,True,Koordinat belum menunjukkan alamat gedung UPT; wajib diperiksa Super Admin.
Lapas Kelas IIA Magelang,Lapas,IIA,Umum,Jawa Tengah,Kantor Wilayah Ditjenpas Jawa Tengah,Magelang,,-7.4770747,110.2182164,Pusat kota/kabupaten—kandidat,Kandidat pusat wilayah dari dataset geocode administratif,0.88,MAGELANG,True,Koordinat belum menunjukkan alamat gedung UPT; wajib diperiksa Super Admin.
Lapas Kelas IIA Pasir Putih Nusakambangan,Lapas,IIA,Umum,Jawa Tengah,Kantor Wilayah Ditjenpas Jawa Tengah,Cilacap,,-7.46167105,108.80461463117007,Pusat kota/kabupaten—kandidat,Kandidat pusat wilayah dari dataset geocode administratif,0.95,CILACAP,True,Koordinat belum menunjukkan alamat gedung UPT; wajib diperiksa Super Admin.
Lapas Kelas IIA Pekalongan,Lapas,IIA,Umum,Jawa Tengah,Kantor Wilayah Ditjenpas Jawa Tengah,Pekalongan,,-6.8905065,109.6761489,Pusat kota/kabupaten—kandidat,Kandidat pusat wilayah dari dataset geocode administratif,0.88,PEKALONGAN,True,Koordinat belum menunjukkan alamat gedung UPT; wajib diperiksa Super Admin.
Lapas Kelas IIA Permisan Nusakambangan,Lapas,IIA,Umum,Jawa Tengah,Kantor Wilayah Ditjenpas Jawa Tengah,Cilacap,,-7.46167105,108.80461463117007,Pusat kota/kabupaten—kandidat,Kandidat pusat wilayah dari dataset geocode administratif,0.95,CILACAP,True,Koordinat belum menunjukkan alamat gedung UPT; wajib diperiksa Super Admin.
Lapas Kelas IIA Purwokerto,Lapas,IIA,Umum,Jawa Tengah,Kantor Wilayah Ditjenpas Jawa Tengah,Banyumas,,-7.45507165,109.11674648495966,Pusat kota/kabupaten—kandidat,Kandidat pusat wilayah dari dataset geocode administratif,0.95,BANYUMAS,True,Koordinat belum menunjukkan alamat gedung UPT; wajib diperiksa Super Admin.
Lapas Kelas IIA Sragen,Lapas,IIA,Umum,Jawa Tengah,Kantor Wilayah Ditjenpas Jawa Tengah,Sragen,,-7.3924563,110.95302317792749,Pusat kota/kabupaten—kandidat,Kandidat pusat wilayah dari dataset geocode administratif,0.88,SRAGEN,True,Koordinat belum menunjukkan alamat gedung UPT; wajib diperiksa Super Admin.
Lapas Kelas IIB Brebes,Lapas,IIB,Umum,Jawa Tengah,Kantor Wilayah Ditjenpas Jawa Tengah,Brebes,,-7.05207115,108.88813597074842,Pusat kota/kabupaten—kandidat,Kandidat pusat wilayah dari dataset geocode administratif,0.88,BREBES,True,Koordinat belum menunjukkan alamat gedung UPT; wajib diperiksa Super Admin.
Lapas Kelas IIB Cilacap,Lapas,IIB,Umum,Jawa Tengah,Kantor Wilayah Ditjenpas Jawa Tengah,Cilacap,,-7.46167105,108.80461463117007,Pusat kota/kabupaten—kandidat,Kandidat pusat wilayah dari dataset geocode administratif,0.88,CILACAP,True,Koordinat belum menunjukkan alamat gedung UPT; wajib diperiksa Super Admin.
Lapas Kelas IIB Klaten,Lapas,IIB,Umum,Jawa Tengah,Kantor Wilayah Ditjenpas Jawa Tengah,Klaten,,-7.67322225,110.6285188463433,Pusat kota/kabupaten—kandidat,Kandidat pusat wilayah dari dataset geocode administratif,0.88,KLATEN,True,Koordinat belum menunjukkan alamat gedung UPT; wajib diperiksa Super Admin.
Lapas Kelas IIB Pati,Lapas,IIB,Umum,Jawa Tengah,Kantor Wilayah Ditjenpas Jawa Tengah,Pati,,-6.707092449999999,111.08700759039746,Pusat kota/kabupaten—kandidat,Kandidat pusat wilayah dari dataset geocode administratif,0.88,PATI,True,Koordinat belum menunjukkan alamat gedung UPT; wajib diperiksa Super Admin.
Lapas Kelas IIB Slawi,Lapas,IIB,Umum,Jawa Tengah,Kantor Wilayah Ditjenpas Jawa Tengah,Tegal,,-6.86981145,109.11506461278614,Pusat kota/kabupaten—kandidat,Kandidat pusat wilayah dari dataset geocode administratif,0.95,TEGAL,True,Koordinat belum menunjukkan alamat gedung UPT; wajib diperiksa Super Admin.
Lapas Kelas IIB Tegal,Lapas,IIB,Umum,Jawa Tengah,Kantor Wilayah Ditjenpas Jawa Tengah,Tegal,,-6.86981145,109.11506461278614,Pusat kota/kabupaten—kandidat,Kandidat pusat wilayah dari dataset geocode administratif,0.88,TEGAL,True,Koordinat belum menunjukkan alamat gedung UPT; wajib diperiksa Super Admin.
Lapas Khusus Kelas IIA Karanganyar,Lapas,IIA,Khusus,Jawa Tengah,Kantor Wilayah Ditjenpas Jawa Tengah,Karanganyar,,-7.6196965,111.06980026754411,Pusat kota/kabupaten—kandidat,Kandidat pusat wilayah dari dataset geocode administratif,0.88,KARANGANYAR,True,Koordinat belum menunjukkan alamat gedung UPT; wajib diperiksa Super Admin.
Lapas Narkotika Kelas IIA Nusakambangan,Lapas,IIA,Narkotika,Jawa Tengah,Kantor Wilayah Ditjenpas Jawa Tengah,Cilacap,,-7.46167105,108.80461463117007,Pusat kota/kabupaten—kandidat,Kandidat pusat wilayah dari dataset geocode administratif,0.95,CILACAP,True,Koordinat belum menunjukkan alamat gedung UPT; wajib diperiksa Super Admin.
Lapas Narkotika Kelas IIB Purwokerto,Lapas,IIB,Narkotika,Jawa Tengah,Kantor Wilayah Ditjenpas Jawa Tengah,Banyumas,,-7.45507165,109.11674648495966,Pusat kota/kabupaten—kandidat,Kandidat pusat wilayah dari dataset geocode administratif,0.95,BANYUMAS,True,Koordinat belum menunjukkan alamat gedung UPT; wajib diperiksa Super Admin.
Lapas Pemuda Kelas IIB Plantungan,Lapas,IIB,Pemuda,Jawa Tengah,Kantor Wilayah Ditjenpas Jawa Tengah,Kendal,,-7.01909655,110.13747567422602,Pusat kota/kabupaten—kandidat,Kandidat pusat wilayah dari dataset geocode administratif,0.95,KENDAL,True,Koordinat belum menunjukkan alamat gedung UPT; wajib diperiksa Super Admin.
Lapas Perempuan Kelas IIA Semarang,Lapas,IIA,Perempuan,Jawa Tengah,Kantor Wilayah Ditjenpas Jawa Tengah,Semarang,,-6.9903988,110.4229104,Pusat kota/kabupaten—kandidat,Kandidat pusat wilayah dari dataset geocode administratif,0.88,SEMARANG,True,Koordinat belum menunjukkan alamat gedung UPT; wajib diperiksa Super Admin.
Lapas Terbuka Kelas IIB Kendal,Lapas,IIB,Terbuka,Jawa Tengah,Kantor Wilayah Ditjenpas Jawa Tengah,Kendal,,-7.01909655,110.13747567422602,Pusat kota/kabupaten—kandidat,Kandidat pusat wilayah dari dataset geocode administratif,0.88,KENDAL,True,Koordinat belum menunjukkan alamat gedung UPT; wajib diperiksa Super Admin.
Lapas Terbuka Kelas IIB Nusakambangan,Lapas,IIB,Terbuka,Jawa Tengah,Kantor Wilayah Ditjenpas Jawa Tengah,Cilacap,,-7.46167105,108.80461463117007,Pusat kota/kabupaten—kandidat,Kandidat pusat wilayah dari dataset geocode administratif,0.95,CILACAP,True,Koordinat belum menunjukkan alamat gedung UPT; wajib diperiksa Super Admin.
Rutan Kelas I Surakarta,Rutan,I,Umum,Jawa Tengah,Kantor Wilayah Ditjenpas Jawa Tengah,Kota Surakarta,,-7.5472335,110.8175534,Pusat kota/kabupaten—kandidat,Kandidat pusat wilayah dari dataset geocode administratif,0.88,SURAKARTA,True,Koordinat belum menunjukkan alamat gedung UPT; wajib diperiksa Super Admin.
Rutan Kelas IIA Pekalongan,Rutan,IIA,Umum,Jawa Tengah,Kantor Wilayah Ditjenpas Jawa Tengah,Pekalongan,,-6.8905065,109.6761489,Pusat kota/kabupaten—kandidat,Kandidat pusat wilayah dari dataset geocode administratif,0.88,PEKALONGAN,True,Koordinat belum menunjukkan alamat gedung UPT; wajib diperiksa Super Admin.
Rutan Kelas IIB Banjarnegara,Rutan,IIB,Umum,Jawa Tengah,Kantor Wilayah Ditjenpas Jawa Tengah,Banjarnegara,,-7.355873300000001,109.66007275599358,Pusat kota/kabupaten—kandidat,Kandidat pusat wilayah dari dataset geocode administratif,0.88,BANJARNEGARA,True,Koordinat belum menunjukkan alamat gedung UPT; wajib diperiksa Super Admin.
Rutan Kelas IIB Banyumas,Rutan,IIB,Umum,Jawa Tengah,Kantor Wilayah Ditjenpas Jawa Tengah,Banyumas,,-7.45507165,109.11674648495966,Pusat kota/kabupaten—kandidat,Kandidat pusat wilayah dari dataset geocode administratif,0.88,BANYUMAS,True,Koordinat belum menunjukkan alamat gedung UPT; wajib diperiksa Super Admin.
Rutan Kelas IIB Batang,Rutan,IIB,Umum,Jawa Tengah,Kantor Wilayah Ditjenpas Jawa Tengah,Batang,,-7.03235465,109.86795298436223,Pusat kota/kabupaten—kandidat,Kandidat pusat wilayah dari dataset geocode administratif,0.88,BATANG,True,Koordinat belum menunjukkan alamat gedung UPT; wajib diperiksa Super Admin.
Rutan Kelas IIB Blora,Rutan,IIB,Umum,Jawa Tengah,Kantor Wilayah Ditjenpas Jawa Tengah,Blora,,-6.9691528,111.4130521,Pusat kota/kabupaten—kandidat,Kandidat pusat wilayah dari dataset geocode administratif,0.88,BLORA,True,Koordinat belum menunjukkan alamat gedung UPT; wajib diperiksa Super Admin.
Rutan Kelas IIB Boyolali,Rutan,IIB,Umum,Jawa Tengah,Kantor Wilayah Ditjenpas Jawa Tengah,Boyolali,,-7.387211799999999,110.70386905900187,Pusat kota/kabupaten—kandidat,Kandidat pusat wilayah dari dataset geocode administratif,0.88,BOYOLALI,True,Koordinat belum menunjukkan alamat gedung UPT; wajib diperiksa Super Admin.
Rutan Kelas IIB Demak,Rutan,IIB,Umum,Jawa Tengah,Kantor Wilayah Ditjenpas Jawa Tengah,Demak,,-6.9229075,110.63509725731818,Pusat kota/kabupaten—kandidat,Kandidat pusat wilayah dari dataset geocode administratif,0.88,DEMAK,True,Koordinat belum menunjukkan alamat gedung UPT; wajib diperiksa Super Admin.
Rutan Kelas IIB Jepara,Rutan,IIB,Umum,Jawa Tengah,Kantor Wilayah Ditjenpas Jawa Tengah,Jepara,,-6.5899148,110.6672987,Pusat kota/kabupaten—kandidat,Kandidat pusat wilayah dari dataset geocode administratif,0.88,JEPARA,True,Koordinat belum menunjukkan alamat gedung UPT; wajib diperiksa Super Admin.
Rutan Kelas IIB Kebumen,Rutan,IIB,Umum,Jawa Tengah,Kantor Wilayah Ditjenpas Jawa Tengah,Kebumen,,-7.6686894,109.6519465,Pusat kota/kabupaten—kandidat,Kandidat pusat wilayah dari dataset geocode administratif,0.88,KEBUMEN,True,Koordinat belum menunjukkan alamat gedung UPT; wajib diperiksa Super Admin.
Rutan Kelas IIB Kudus,Rutan,IIB,Umum,Jawa Tengah,Kantor Wilayah Ditjenpas Jawa Tengah,Kudus,,-6.8078233,110.8416866,Pusat kota/kabupaten—kandidat,Kandidat pusat wilayah dari dataset geocode administratif,0.88,KUDUS,True,Koordinat belum menunjukkan alamat gedung UPT; wajib diperiksa Super Admin.
Rutan Kelas IIB Pemalang,Rutan,IIB,Umum,Jawa Tengah,Kantor Wilayah Ditjenpas Jawa Tengah,Pemalang,,-7.0110802,109.39140368595727,Pusat kota/kabupaten—kandidat,Kandidat pusat wilayah dari dataset geocode administratif,0.88,PEMALANG,True,Koordinat belum menunjukkan alamat gedung UPT; wajib diperiksa Super Admin.
Rutan Kelas IIB Purbalingga,Rutan,IIB,Umum,Jawa Tengah,Kantor Wilayah Ditjenpas Jawa Tengah,Purbalingga,,-7.32733005,109.39989874266684,Pusat kota/kabupaten—kandidat,Kandidat pusat wilayah dari dataset geocode administratif,0.88,PURBALINGGA,True,Koordinat belum menunjukkan alamat gedung UPT; wajib diperiksa Super Admin.
Rutan Kelas IIB Purwodadi,Rutan,IIB,Umum,Jawa Tengah,Kantor Wilayah Ditjenpas Jawa Tengah,Grobogan,,-7.09809465,110.89667670375852,Pusat kota/kabupaten—kandidat,Kandidat pusat wilayah dari dataset geocode administratif,0.95,GROBOGAN,True,Koordinat belum menunjukkan alamat gedung UPT; wajib diperiksa Super Admin.
Rutan Kelas IIB Purworejo,Rutan,IIB,Umum,Jawa Tengah,Kantor Wilayah Ditjenpas Jawa Tengah,Purworejo,,-7.7130761,110.0090605,Pusat kota/kabupaten—kandidat,Kandidat pusat wilayah dari dataset geocode administratif,0.88,PURWOREJO,True,Koordinat belum menunjukkan alamat gedung UPT; wajib diperiksa Super Admin.
Rutan Kelas IIB Rembang,Rutan,IIB,Umum,Jawa Tengah,Kantor Wilayah Ditjenpas Jawa Tengah,Rembang,,-6.76986355,111.45567087811551,Pusat kota/kabupaten—kandidat,Kandidat pusat wilayah dari dataset geocode administratif,0.88,REMBANG,True,Koordinat belum menunjukkan alamat gedung UPT; wajib diperiksa Super Admin.
Rutan Kelas IIB Salatiga,Rutan,IIB,Umum,Jawa Tengah,Kantor Wilayah Ditjenpas Jawa Tengah,Kota Salatiga,,-7.331070856570375,110.50171578050006,Pusat kota/kabupaten—kandidat,Kandidat pusat wilayah dari dataset geocode administratif,0.88,SALATIGA,True,Koordinat belum menunjukkan alamat gedung UPT; wajib diperiksa Super Admin.
Rutan Kelas IIB Temanggung,Rutan,IIB,Umum,Jawa Tengah,Kantor Wilayah Ditjenpas Jawa Tengah,Temanggung,,-7.2397576,110.12166479843259,Pusat kota/kabupaten—kandidat,Kandidat pusat wilayah dari dataset geocode administratif,0.88,TEMANGGUNG,True,Koordinat belum menunjukkan alamat gedung UPT; wajib diperiksa Super Admin.
Rutan Kelas IIB Wonogiri,Rutan,IIB,Umum,Jawa Tengah,Kantor Wilayah Ditjenpas Jawa Tengah,Wonogiri,,-7.9620507,110.95757325155418,Pusat kota/kabupaten—kandidat,Kandidat pusat wilayah dari dataset geocode administratif,0.88,WONOGIRI,True,Koordinat belum menunjukkan alamat gedung UPT; wajib diperiksa Super Admin.
Rutan Kelas IIB Wonosobo,Rutan,IIB,Umum,Jawa Tengah,Kantor Wilayah Ditjenpas Jawa Tengah,Wonosobo,,-7.39979995,109.92096446847731,Pusat kota/kabupaten—kandidat,Kandidat pusat wilayah dari dataset geocode administratif,0.88,WONOSOBO,True,Koordinat belum menunjukkan alamat gedung UPT; wajib diperiksa Super Admin.
Lapas Kelas I Madiun,Lapas,I,Umum,Jawa Timur,Kantor Wilayah Ditjenpas Jawa Timur,Madiun,,-7.6290837,111.5168819,Pusat kota/kabupaten—kandidat,Kandidat pusat wilayah dari dataset geocode administratif,0.88,MADIUN,True,Koordinat belum menunjukkan alamat gedung UPT; wajib diperiksa Super Admin.
Lapas Kelas I Malang,Lapas,I,Umum,Jawa Timur,Kantor Wilayah Ditjenpas Jawa Timur,Malang,,-7.9771308,112.6340265,Pusat kota/kabupaten—kandidat,Kandidat pusat wilayah dari dataset geocode administratif,0.88,MALANG,True,Koordinat belum menunjukkan alamat gedung UPT; wajib diperiksa Super Admin.
Lapas Kelas I Surabaya,Lapas,I,Umum,Jawa Timur,Kantor Wilayah Ditjenpas Jawa Timur,Kota Surabaya,,-7.280553499183765,112.6690102644065,Pusat kota/kabupaten—kandidat,Kandidat pusat wilayah dari dataset geocode administratif,0.88,SURABAYA,True,Koordinat belum menunjukkan alamat gedung UPT; wajib diperiksa Super Admin.
Lapas Kelas IIA Banyuwangi,Lapas,IIA,Umum,Jawa Timur,Kantor Wilayah Ditjenpas Jawa Timur,Banyuwangi,,-8.3325711,114.14157903949865,Pusat kota/kabupaten—kandidat,Kandidat pusat wilayah dari dataset geocode administratif,0.88,BANYUWANGI,True,Koordinat belum menunjukkan alamat gedung UPT; wajib diperiksa Super Admin.
Lapas Kelas IIA Bojonegoro,Lapas,IIA,Umum,Jawa Timur,Kantor Wilayah Ditjenpas Jawa Timur,Bojonegoro,,-7.22787145,111.81462004686449,Pusat kota/kabupaten—kandidat,Kandidat pusat wilayah dari dataset geocode administratif,0.88,BOJONEGORO,True,Koordinat belum menunjukkan alamat gedung UPT; wajib diperiksa Super Admin.
Lapas Kelas IIA Jember,Lapas,IIA,Umum,Jawa Timur,Kantor Wilayah Ditjenpas Jawa Timur,Jember,,-8.1688563,113.7021772,Pusat kota/kabupaten—kandidat,Kandidat pusat wilayah dari dataset geocode administratif,0.88,JEMBER,True,Koordinat belum menunjukkan alamat gedung UPT; wajib diperiksa Super Admin.
Lapas Kelas IIA Kediri,Lapas,IIA,Umum,Jawa Timur,Kantor Wilayah Ditjenpas Jawa Timur,Kediri,,-7.8111057,112.0046051,Pusat kota/kabupaten—kandidat,Kandidat pusat wilayah dari dataset geocode administratif,0.88,KEDIRI,True,Koordinat belum menunjukkan alamat gedung UPT; wajib diperiksa Super Admin.
Lapas Kelas IIA Pamekasan,Lapas,IIA,Umum,Jawa Timur,Kantor Wilayah Ditjenpas Jawa Timur,Pamekasan,,-7.1605439,113.4826273,Pusat kota/kabupaten—kandidat,Kandidat pusat wilayah dari dataset geocode administratif,0.88,PAMEKASAN,True,Koordinat belum menunjukkan alamat gedung UPT; wajib diperiksa Super Admin.
Lapas Kelas IIA Sidoarjo,Lapas,IIA,Umum,Jawa Timur,Kantor Wilayah Ditjenpas Jawa Timur,Sidoarjo,,-7.45597405,112.66088771295344,Pusat kota/kabupaten—kandidat,Kandidat pusat wilayah dari dataset geocode administratif,0.88,SIDOARJO,True,Koordinat belum menunjukkan alamat gedung UPT; wajib diperiksa Super Admin.
Lapas Kelas IIB Blitar,Lapas,IIB,Umum,Jawa Timur,Kantor Wilayah Ditjenpas Jawa Timur,Blitar,,-8.1311983,112.31155717762763,Pusat kota/kabupaten—kandidat,Kandidat pusat wilayah dari dataset geocode administratif,0.88,BLITAR,True,Koordinat belum menunjukkan alamat gedung UPT; wajib diperiksa Super Admin.
Lapas Kelas IIB Bondowoso,Lapas,IIB,Umum,Jawa Timur,Kantor Wilayah Ditjenpas Jawa Timur,Bondowoso,,-7.9451279,113.88205897169037,Pusat kota/kabupaten—kandidat,Kandidat pusat wilayah dari dataset geocode administratif,0.88,BONDOWOSO,True,Koordinat belum menunjukkan alamat gedung UPT; wajib diperiksa Super Admin.
Lapas Kelas IIB Jombang,Lapas,IIB,Umum,Jawa Timur,Kantor Wilayah Ditjenpas Jawa Timur,Jombang,,-7.561464,112.24130435297603,Pusat kota/kabupaten—kandidat,Kandidat pusat wilayah dari dataset geocode administratif,0.88,JOMBANG,True,Koordinat belum menunjukkan alamat gedung UPT; wajib diperiksa Super Admin.
Lapas Kelas IIB Lamongan,Lapas,IIB,Umum,Jawa Timur,Kantor Wilayah Ditjenpas Jawa Timur,Lamongan,,-7.1229318500000005,112.32819354965417,Pusat kota/kabupaten—kandidat,Kandidat pusat wilayah dari dataset geocode administratif,0.88,LAMONGAN,True,Koordinat belum menunjukkan alamat gedung UPT; wajib diperiksa Super Admin.
Lapas Kelas IIB Lumajang,Lapas,IIB,Umum,Jawa Timur,Kantor Wilayah Ditjenpas Jawa Timur,Lumajang,,-8.135205,113.2244162,Pusat kota/kabupaten—kandidat,Kandidat pusat wilayah dari dataset geocode administratif,0.88,LUMAJANG,True,Koordinat belum menunjukkan alamat gedung UPT; wajib diperiksa Super Admin.
Lapas Kelas IIB Mojokerto,Lapas,IIB,Umum,Jawa Timur,Kantor Wilayah Ditjenpas Jawa Timur,Mojokerto,,-7.54133775,112.50949745736571,Pusat kota/kabupaten—kandidat,Kandidat pusat wilayah dari dataset geocode administratif,0.88,MOJOKERTO,True,Koordinat belum menunjukkan alamat gedung UPT; wajib diperiksa Super Admin.
Lapas Kelas IIB Ngawi,Lapas,IIB,Umum,Jawa Timur,Kantor Wilayah Ditjenpas Jawa Timur,Ngawi,,-7.402722,111.4443448,Pusat kota/kabupaten—kandidat,Kandidat pusat wilayah dari dataset geocode administratif,0.88,NGAWI,True,Koordinat belum menunjukkan alamat gedung UPT; wajib diperiksa Super Admin.
Lapas Kelas IIB Pasuruan,Lapas,IIB,Umum,Jawa Timur,Kantor Wilayah Ditjenpas Jawa Timur,Pasuruan,,-7.7508114,112.81848297670143,Pusat kota/kabupaten—kandidat,Kandidat pusat wilayah dari dataset geocode administratif,0.88,PASURUAN,True,Koordinat belum menunjukkan alamat gedung UPT; wajib diperiksa Super Admin.
Lapas Kelas IIB Probolinggo,Lapas,IIB,Umum,Jawa Timur,Kantor Wilayah Ditjenpas Jawa Timur,Probolinggo,,-7.7441461,113.2158401,Pusat kota/kabupaten—kandidat,Kandidat pusat wilayah dari dataset geocode administratif,0.88,PROBOLINGGO,True,Koordinat belum menunjukkan alamat gedung UPT; wajib diperiksa Super Admin.
Lapas Kelas IIB Tuban,Lapas,IIB,Umum,Jawa Timur,Kantor Wilayah Ditjenpas Jawa Timur,Tuban,,-6.8962656,112.0650714,Pusat kota/kabupaten—kandidat,Kandidat pusat wilayah dari dataset geocode administratif,0.88,TUBAN,True,Koordinat belum menunjukkan alamat gedung UPT; wajib diperiksa Super Admin.
Lapas Kelas IIB Tulungagung,Lapas,IIB,Umum,Jawa Timur,Kantor Wilayah Ditjenpas Jawa Timur,Tulungagung,,-8.07290355,111.89964078880708,Pusat kota/kabupaten—kandidat,Kandidat pusat wilayah dari dataset geocode administratif,0.88,TULUNGAGUNG,True,Koordinat belum menunjukkan alamat gedung UPT; wajib diperiksa Super Admin.
Lapas Kelas III Arjasa,Lapas,III,Umum,Jawa Timur,Kantor Wilayah Ditjenpas Jawa Timur,Sumenep,,-7.006745,113.8598666,Pusat kota/kabupaten—kandidat,Kandidat pusat wilayah dari dataset geocode administratif,0.95,SUMENEP,True,Koordinat belum menunjukkan alamat gedung UPT; wajib diperiksa Super Admin.
Lapas Narkotika Kelas IIA Pamekasan,Lapas,IIA,Narkotika,Jawa Timur,Kantor Wilayah Ditjenpas Jawa Timur,Pamekasan,,-7.1605439,113.4826273,Pusat kota/kabupaten—kandidat,Kandidat pusat wilayah dari dataset geocode administratif,0.88,PAMEKASAN,True,Koordinat belum menunjukkan alamat gedung UPT; wajib diperiksa Super Admin.
Lapas Pemuda Kelas IIA Madiun,Lapas,IIA,Pemuda,Jawa Timur,Kantor Wilayah Ditjenpas Jawa Timur,Madiun,,-7.6290837,111.5168819,Pusat kota/kabupaten—kandidat,Kandidat pusat wilayah dari dataset geocode administratif,0.88,MADIUN,True,Koordinat belum menunjukkan alamat gedung UPT; wajib diperiksa Super Admin.
Lapas Perempuan Kelas IIA Malang,Lapas,IIA,Perempuan,Jawa Timur,Kantor Wilayah Ditjenpas Jawa Timur,Malang,,-7.9771308,112.6340265,Pusat kota/kabupaten—kandidat,Kandidat pusat wilayah dari dataset geocode administratif,0.88,MALANG,True,Koordinat belum menunjukkan alamat gedung UPT; wajib diperiksa Super Admin.
Rutan Kelas I Surabaya,Rutan,I,Umum,Jawa Timur,Kantor Wilayah Ditjenpas Jawa Timur,Kota Surabaya,,-7.280553499183765,112.6690102644065,Pusat kota/kabupaten—kandidat,Kandidat pusat wilayah dari dataset geocode administratif,0.88,SURABAYA,True,Koordinat belum menunjukkan alamat gedung UPT; wajib diperiksa Super Admin.
Rutan Kelas IIB Bangil,Rutan,IIB,Umum,Jawa Timur,Kantor Wilayah Ditjenpas Jawa Timur,Pasuruan,,-7.7508114,112.81848297670143,Pusat kota/kabupaten—kandidat,Kandidat pusat wilayah dari dataset geocode administratif,0.95,PASURUAN,True,Koordinat belum menunjukkan alamat gedung UPT; wajib diperiksa Super Admin.
Rutan Kelas IIB Bangkalan,Rutan,IIB,Umum,Jawa Timur,Kantor Wilayah Ditjenpas Jawa Timur,Bangkalan,,-7.04637245,112.89625027008556,Pusat kota/kabupaten—kandidat,Kandidat pusat wilayah dari dataset geocode administratif,0.88,BANGKALAN,True,Koordinat belum menunjukkan alamat gedung UPT; wajib diperiksa Super Admin.
Rutan Kelas IIB Gresik,Rutan,IIB,Umum,Jawa Timur,Kantor Wilayah Ditjenpas Jawa Timur,Gresik,,-5.79334655,112.6598223201143,Pusat kota/kabupaten—kandidat,Kandidat pusat wilayah dari dataset geocode administratif,0.88,GRESIK,True,Koordinat belum menunjukkan alamat gedung UPT; wajib diperiksa Super Admin.
Rutan Kelas IIB Kraksaan,Rutan,IIB,Umum,Jawa Timur,Kantor Wilayah Ditjenpas Jawa Timur,Probolinggo,,-7.7441461,113.2158401,Pusat kota/kabupaten—kandidat,Kandidat pusat wilayah dari dataset geocode administratif,0.95,PROBOLINGGO,True,Koordinat belum menunjukkan alamat gedung UPT; wajib diperiksa Super Admin.
Rutan Kelas IIB Magetan,Rutan,IIB,Umum,Jawa Timur,Kantor Wilayah Ditjenpas Jawa Timur,Magetan,,-7.6542489,111.33605653488618,Pusat kota/kabupaten—kandidat,Kandidat pusat wilayah dari dataset geocode administratif,0.88,MAGETAN,True,Koordinat belum menunjukkan alamat gedung UPT; wajib diperiksa Super Admin.
Rutan Kelas IIB Nganjuk,Rutan,IIB,Umum,Jawa Timur,Kantor Wilayah Ditjenpas Jawa Timur,Nganjuk,,-7.61501615,111.94650745492764,Pusat kota/kabupaten—kandidat,Kandidat pusat wilayah dari dataset geocode administratif,0.88,NGANJUK,True,Koordinat belum menunjukkan alamat gedung UPT; wajib diperiksa Super Admin.
Rutan Kelas IIB Pacitan,Rutan,IIB,Umum,Jawa Timur,Kantor Wilayah Ditjenpas Jawa Timur,Pacitan,,-8.1017184,111.14467109984247,Pusat kota/kabupaten—kandidat,Kandidat pusat wilayah dari dataset geocode administratif,0.88,PACITAN,True,Koordinat belum menunjukkan alamat gedung UPT; wajib diperiksa Super Admin.
Rutan Kelas IIB Ponorogo,Rutan,IIB,Umum,Jawa Timur,Kantor Wilayah Ditjenpas Jawa Timur,Ponorogo,,-7.97122665,111.49889293326967,Pusat kota/kabupaten—kandidat,Kandidat pusat wilayah dari dataset geocode administratif,0.88,PONOROGO,True,Koordinat belum menunjukkan alamat gedung UPT; wajib diperiksa Super Admin.
Rutan Kelas IIB Sampang,Rutan,IIB,Umum,Jawa Timur,Kantor Wilayah Ditjenpas Jawa Timur,Sampang,,-7.05781575,113.25405409767842,Pusat kota/kabupaten—kandidat,Kandidat pusat wilayah dari dataset geocode administratif,0.88,SAMPANG,True,Koordinat belum menunjukkan alamat gedung UPT; wajib diperiksa Super Admin.
Rutan Kelas IIB Situbondo,Rutan,IIB,Umum,Jawa Timur,Kantor Wilayah Ditjenpas Jawa Timur,Situbondo,,-7.7067843,114.0054142,Pusat kota/kabupaten—kandidat,Kandidat pusat wilayah dari dataset geocode administratif,0.88,SITUBONDO,True,Koordinat belum menunjukkan alamat gedung UPT; wajib diperiksa Super Admin.
Rutan Kelas IIB Sumenep,Rutan,IIB,Umum,Jawa Timur,Kantor Wilayah Ditjenpas Jawa Timur,Sumenep,,-7.006745,113.8598666,Pusat kota/kabupaten—kandidat,Kandidat pusat wilayah dari dataset geocode administratif,0.88,SUMENEP,True,Koordinat belum menunjukkan alamat gedung UPT; wajib diperiksa Super Admin.
Rutan Kelas IIB Trenggalek,Rutan,IIB,Umum,Jawa Timur,Kantor Wilayah Ditjenpas Jawa Timur,Trenggalek,,-8.13593475,111.64019829777817,Pusat kota/kabupaten—kandidat,Kandidat pusat wilayah dari dataset geocode administratif,0.88,TRENGGALEK,True,Koordinat belum menunjukkan alamat gedung UPT; wajib diperiksa Super Admin.
Rutan Perempuan Kelas IIA Surabaya,Rutan,IIA,Perempuan,Jawa Timur,Kantor Wilayah Ditjenpas Jawa Timur,Kota Surabaya,,-7.280553499183765,112.6690102644065,Pusat kota/kabupaten—kandidat,Kandidat pusat wilayah dari dataset geocode administratif,0.88,SURABAYA,True,Koordinat belum menunjukkan alamat gedung UPT; wajib diperiksa Super Admin.
Lapas Kelas IIA Pontianak,Lapas,IIA,Umum,Kalimantan Barat,Kantor Wilayah Ditjenpas Kalimantan Barat,Kota Pontianak,,-0.08290291121207446,109.35182199251852,Pusat kota/kabupaten—kandidat,Kandidat pusat wilayah dari dataset geocode administratif,0.88,PONTIANAK,True,Koordinat belum menunjukkan alamat gedung UPT; wajib diperiksa Super Admin.
Lapas Kelas IIB Ketapang,Lapas,IIB,Umum,Kalimantan Barat,Kantor Wilayah Ditjenpas Kalimantan Barat,Ketapang,,-1.68149665,110.46476065438004,Pusat kota/kabupaten—kandidat,Kandidat pusat wilayah dari dataset geocode administratif,0.88,KETAPANG,True,Koordinat belum menunjukkan alamat gedung UPT; wajib diperiksa Super Admin.
Lapas Kelas IIB Singkawang,Lapas,IIB,Umum,Kalimantan Barat,Kantor Wilayah Ditjenpas Kalimantan Barat,Kota Singkawang,,0.7932751013320446,108.98628643605365,Pusat kota/kabupaten—kandidat,Kandidat pusat wilayah dari dataset geocode administratif,0.88,SINGKAWANG,True,Koordinat belum menunjukkan alamat gedung UPT; wajib diperiksa Super Admin.
Lapas Kelas IIB Sintang,Lapas,IIB,Umum,Kalimantan Barat,Kantor Wilayah Ditjenpas Kalimantan Barat,Sintang,,0.1927001,111.55981182271624,Pusat kota/kabupaten—kandidat,Kandidat pusat wilayah dari dataset geocode administratif,0.88,SINTANG,True,Koordinat belum menunjukkan alamat gedung UPT; wajib diperiksa Super Admin.
Lapas Perempuan Kelas IIA Pontianak,Lapas,IIA,Perempuan,Kalimantan Barat,Kantor Wilayah Ditjenpas Kalimantan Barat,Kota Pontianak,,-0.08290291121207446,109.35182199251852,Pusat kota/kabupaten—kandidat,Kandidat pusat wilayah dari dataset geocode administratif,0.88,PONTIANAK,True,Koordinat belum menunjukkan alamat gedung UPT; wajib diperiksa Super Admin.
Rutan Kelas IIA Pontianak,Rutan,IIA,Umum,Kalimantan Barat,Kantor Wilayah Ditjenpas Kalimantan Barat,Kota Pontianak,,-0.08290291121207446,109.35182199251852,Pusat kota/kabupaten—kandidat,Kandidat pusat wilayah dari dataset geocode administratif,0.88,PONTIANAK,True,Koordinat belum menunjukkan alamat gedung UPT; wajib diperiksa Super Admin.
Rutan Kelas IIB Bengkayang,Rutan,IIB,Umum,Kalimantan Barat,Kantor Wilayah Ditjenpas Kalimantan Barat,Bengkayang,,1.0157755,109.7080333243031,Pusat kota/kabupaten—kandidat,Kandidat pusat wilayah dari dataset geocode administratif,0.88,BENGKAYANG,True,Koordinat belum menunjukkan alamat gedung UPT; wajib diperiksa Super Admin.
Rutan Kelas IIB Landak,Rutan,IIB,Umum,Kalimantan Barat,Kantor Wilayah Ditjenpas Kalimantan Barat,Landak,,0.504635,109.707038346171,Pusat kota/kabupaten—kandidat,Kandidat pusat wilayah dari dataset geocode administratif,0.88,LANDAK,True,Koordinat belum menunjukkan alamat gedung UPT; wajib diperiksa Super Admin.
Rutan Kelas IIB Mempawah,Rutan,IIB,Umum,Kalimantan Barat,Kantor Wilayah Ditjenpas Kalimantan Barat,Mempawah,,0.3440181,109.10197611965154,Pusat kota/kabupaten—kandidat,Kandidat pusat wilayah dari dataset geocode administratif,0.88,MEMPAWAH,True,Koordinat belum menunjukkan alamat gedung UPT; wajib diperiksa Super Admin.
Rutan Kelas IIB Putussibau,Rutan,IIB,Umum,Kalimantan Barat,Kantor Wilayah Ditjenpas Kalimantan Barat,Kapuas Hulu,,0.8274259500000001,112.79654118259097,Pusat kota/kabupaten—kandidat,Kandidat pusat wilayah dari dataset geocode administratif,0.95,KAPUAS HULU,True,Koordinat belum menunjukkan alamat gedung UPT; wajib diperiksa Super Admin.
Rutan Kelas IIB Sambas,Rutan,IIB,Umum,Kalimantan Barat,Kantor Wilayah Ditjenpas Kalimantan Barat,Sambas,,1.52190995,109.4138089644859,Pusat kota/kabupaten—kandidat,Kandidat pusat wilayah dari dataset geocode administratif,0.88,SAMBAS,True,Koordinat belum menunjukkan alamat gedung UPT; wajib diperiksa Super Admin.
Rutan Kelas IIB Sanggau,Rutan,IIB,Umum,Kalimantan Barat,Kantor Wilayah Ditjenpas Kalimantan Barat,Sanggau,,0.3502299,110.54704242825211,Pusat kota/kabupaten—kandidat,Kandidat pusat wilayah dari dataset geocode administratif,0.88,SANGGAU,True,Koordinat belum menunjukkan alamat gedung UPT; wajib diperiksa Super Admin.
Lapas Kelas IIA Banjarmasin,Lapas,IIA,Umum,Kalimantan Selatan,Kantor Wilayah Ditjenpas Kalimantan Selatan,Kota Banjarmasin,,-3.330127694505109,114.59757148623717,Pusat kota/kabupaten—kandidat,Kandidat pusat wilayah dari dataset geocode administratif,0.88,BANJARMASIN,True,Koordinat belum menunjukkan alamat gedung UPT; wajib diperiksa Super Admin.
Lapas Kelas IIA Kotabaru,Lapas,IIA,Umum,Kalimantan Selatan,Kantor Wilayah Ditjenpas Kalimantan Selatan,Kotabaru,,-2.7951096499999997,115.97125475603532,Pusat kota/kabupaten—kandidat,Kandidat pusat wilayah dari dataset geocode administratif,0.88,KOTABARU,True,Koordinat belum menunjukkan alamat gedung UPT; wajib diperiksa Super Admin.
Lapas Kelas IIB Amuntai,Lapas,IIB,Umum,Kalimantan Selatan,Kantor Wilayah Ditjenpas Kalimantan Selatan,Hulu Sungai Utara,,-2.4242448999999997,115.15970607601024,Pusat kota/kabupaten—kandidat,Kandidat pusat wilayah dari dataset geocode administratif,0.95,HULU SUNGAI UTARA,True,Koordinat belum menunjukkan alamat gedung UPT; wajib diperiksa Super Admin.
Lapas Kelas IIB Banjar Baru,Lapas,IIB,Umum,Kalimantan Selatan,Kantor Wilayah Ditjenpas Kalimantan Selatan,Kota Banjarbaru,,-3.487358445321985,114.70267524125425,Pusat kota/kabupaten—kandidat,Kandidat pusat wilayah dari dataset geocode administratif,0.95,BANJARBARU,True,Koordinat belum menunjukkan alamat gedung UPT; wajib diperiksa Super Admin.
Lapas Kelas IIB Tanjung,Lapas,IIB,Umum,Kalimantan Selatan,Kantor Wilayah Ditjenpas Kalimantan Selatan,Tabalong,,-1.8363209,115.51553368747264,Pusat kota/kabupaten—kandidat,Kandidat pusat wilayah dari dataset geocode administratif,0.95,TABALONG,True,Koordinat belum menunjukkan alamat gedung UPT; wajib diperiksa Super Admin.
Lapas Narkotika Kelas IIA Karang Intan,Lapas,IIA,Narkotika,Kalimantan Selatan,Kantor Wilayah Ditjenpas Kalimantan Selatan,Kota Banjarmasin,,-3.330127694505109,114.59757148623717,Pusat kota/kabupaten—kandidat,Kandidat pusat wilayah dari dataset geocode administratif,0.95,BANJAR,True,Koordinat belum menunjukkan alamat gedung UPT; wajib diperiksa Super Admin.
Lapas Perempuan Kelas IIA Martapura,Lapas,IIA,Perempuan,Kalimantan Selatan,Kantor Wilayah Ditjenpas Kalimantan Selatan,,,-3.0926,115.2838,Pusat provinsi—perlu verifikasi,Kandidat pusat wilayah dari dataset geocode administratif,0.106,OGAN KOMERING ULU TIMUR,True,Koordinat belum menunjukkan alamat gedung UPT; wajib diperiksa Super Admin.
Rutan Kelas IIB Barabai,Rutan,IIB,Umum,Kalimantan Selatan,Kantor Wilayah Ditjenpas Kalimantan Selatan,Hulu Sungai Tengah,,-2.6187576999999997,115.42929968958293,Pusat kota/kabupaten—kandidat,Kandidat pusat wilayah dari dataset geocode administratif,0.95,HULU SUNGAI TENGAH,True,Koordinat belum menunjukkan alamat gedung UPT; wajib diperiksa Super Admin.
Rutan Kelas IIB Kandangan,Rutan,IIB,Umum,Kalimantan Selatan,Kantor Wilayah Ditjenpas Kalimantan Selatan,Hulu Sungai Selatan,,-2.71258085,115.15877705354862,Pusat kota/kabupaten—kandidat,Kandidat pusat wilayah dari dataset geocode administratif,0.95,HULU SUNGAI SELATAN,True,Koordinat belum menunjukkan alamat gedung UPT; wajib diperiksa Super Admin.
Rutan Kelas IIB Marabahan,Rutan,IIB,Umum,Kalimantan Selatan,Kantor Wilayah Ditjenpas Kalimantan Selatan,Barito Kuala,,-3.0192963500000003,114.6779323066177,Pusat kota/kabupaten—kandidat,Kandidat pusat wilayah dari dataset geocode administratif,0.95,BARITO KUALA,True,Koordinat belum menunjukkan alamat gedung UPT; wajib diperiksa Super Admin.
Rutan Kelas IIB Pelaihari,Rutan,IIB,Umum,Kalimantan Selatan,Kantor Wilayah Ditjenpas Kalimantan Selatan,Tanah Laut,,-3.8440385,114.98885931183128,Pusat kota/kabupaten—kandidat,Kandidat pusat wilayah dari dataset geocode administratif,0.95,TANAH LAUT,True,Koordinat belum menunjukkan alamat gedung UPT; wajib diperiksa Super Admin.
Rutan Kelas IIB Rantau,Rutan,IIB,Umum,Kalimantan Selatan,Kantor Wilayah Ditjenpas Kalimantan Selatan,Tapin,,-2.8622729500000004,115.01096398201116,Pusat kota/kabupaten—kandidat,Kandidat pusat wilayah dari dataset geocode administratif,0.95,TAPIN,True,Koordinat belum menunjukkan alamat gedung UPT; wajib diperiksa Super Admin.
Rutan Kelas IIB Tanjung,Rutan,IIB,Umum,Kalimantan Selatan,Kantor Wilayah Ditjenpas Kalimantan Selatan,Tabalong,,-1.8363209,115.51553368747264,Pusat kota/kabupaten—kandidat,Kandidat pusat wilayah dari dataset geocode administratif,0.95,TABALONG,True,Koordinat belum menunjukkan alamat gedung UPT; wajib diperiksa Super Admin.
Lapas Kelas IIA Palangkaraya,Lapas,IIA,Umum,Kalimantan Tengah,Kantor Wilayah Ditjenpas Kalimantan Tengah,,,-1.6815,113.3824,Pusat provinsi—perlu verifikasi,Kandidat pusat wilayah dari dataset geocode administratif,0.421,PALANGKA RAYA,True,Koordinat belum menunjukkan alamat gedung UPT; wajib diperiksa Super Admin.
Lapas Kelas IIB Muara Teweh,Lapas,IIB,Umum,Kalimantan Tengah,Kantor Wilayah Ditjenpas Kalimantan Tengah,Barito Utara,,-0.75421105,115.04514465808126,Pusat kota/kabupaten—kandidat,Kandidat pusat wilayah dari dataset geocode administratif,0.95,BARITO UTARA,True,Koordinat belum menunjukkan alamat gedung UPT; wajib diperiksa Super Admin.
Lapas Kelas IIB Pangkalan Bun,Lapas,IIB,Umum,Kalimantan Tengah,Kantor Wilayah Ditjenpas Kalimantan Tengah,Kotawaringin Barat,,-2.50421195,111.64680968632115,Pusat kota/kabupaten—kandidat,Kandidat pusat wilayah dari dataset geocode administratif,0.95,KOTAWARINGIN BARAT,True,Koordinat belum menunjukkan alamat gedung UPT; wajib diperiksa Super Admin.
Lapas Kelas IIB Sampit,Lapas,IIB,Umum,Kalimantan Tengah,Kantor Wilayah Ditjenpas Kalimantan Tengah,Kotawaringin Timur,,-2.251473,112.7854648787114,Pusat kota/kabupaten—kandidat,Kandidat pusat wilayah dari dataset geocode administratif,0.95,KOTAWARINGIN TIMUR,True,Koordinat belum menunjukkan alamat gedung UPT; wajib diperiksa Super Admin.
Lapas Kelas III Sukamara,Lapas,III,Umum,Kalimantan Tengah,Kantor Wilayah Ditjenpas Kalimantan Tengah,Sukamara,,-2.5602491,111.18377187972831,Pusat kota/kabupaten—kandidat,Kandidat pusat wilayah dari dataset geocode administratif,0.88,SUKAMARA,True,Koordinat belum menunjukkan alamat gedung UPT; wajib diperiksa Super Admin.
Lapas Narkotika Kelas IIA Kasongan,Lapas,IIA,Narkotika,Kalimantan Tengah,Kantor Wilayah Ditjenpas Kalimantan Tengah,Katingan,,-1.85955785,113.33690507947381,Pusat kota/kabupaten—kandidat,Kandidat pusat wilayah dari dataset geocode administratif,0.95,KATINGAN,True,Koordinat belum menunjukkan alamat gedung UPT; wajib diperiksa Super Admin.
Lapas Perempuan Kelas IIA Palangkaraya,Lapas,IIA,Perempuan,Kalimantan Tengah,Kantor Wilayah Ditjenpas Kalimantan Tengah,,,-1.6815,113.3824,Pusat provinsi—perlu verifikasi,Kandidat pusat wilayah dari dataset geocode administratif,0.421,PALANGKA RAYA,True,Koordinat belum menunjukkan alamat gedung UPT; wajib diperiksa Super Admin.
Rutan Kelas IIA Palangkaraya,Rutan,IIA,Umum,Kalimantan Tengah,Kantor Wilayah Ditjenpas Kalimantan Tengah,,,-1.6815,113.3824,Pusat provinsi—perlu verifikasi,Kandidat pusat wilayah dari dataset geocode administratif,0.421,PALANGKA RAYA,True,Koordinat belum menunjukkan alamat gedung UPT; wajib diperiksa Super Admin.
Rutan Kelas IIB Buntok,Rutan,IIB,Umum,Kalimantan Tengah,Kantor Wilayah Ditjenpas Kalimantan Tengah,Barito Selatan,,-1.9228793,114.7888903619555,Pusat kota/kabupaten—kandidat,Kandidat pusat wilayah dari dataset geocode administratif,0.95,BARITO SELATAN,True,Koordinat belum menunjukkan alamat gedung UPT; wajib diperiksa Super Admin.
Rutan Kelas IIB Kuala Kapuas,Rutan,IIB,Umum,Kalimantan Tengah,Kantor Wilayah Ditjenpas Kalimantan Tengah,Kapuas,,-1.9228793,114.33636187676184,Pusat kota/kabupaten—kandidat,Kandidat pusat wilayah dari dataset geocode administratif,0.88,KUALA KAPUAS,True,Koordinat belum menunjukkan alamat gedung UPT; wajib diperiksa Super Admin.
Rutan Kelas IIB Tamiang Layang,Rutan,IIB,Umum,Kalimantan Tengah,Kantor Wilayah Ditjenpas Kalimantan Tengah,Barito Timur,,-1.98191085,115.18038763971668,Pusat kota/kabupaten—kandidat,Kandidat pusat wilayah dari dataset geocode administratif,0.95,BARITO TIMUR,True,Koordinat belum menunjukkan alamat gedung UPT; wajib diperiksa Super Admin.
Lapas Kelas IIA Balikpapan,Lapas,IIA,Umum,Kalimantan Timur,Kantor Wilayah Ditjenpas Kalimantan Timur,Kota Balikpapan,,-1.2677838814680904,116.85374123148053,Pusat kota/kabupaten—kandidat,Kandidat pusat wilayah dari dataset geocode administratif,0.88,BALIKPAPAN,True,Koordinat belum menunjukkan alamat gedung UPT; wajib diperiksa Super Admin.
Lapas Kelas IIA Bontang,Lapas,IIA,Umum,Kalimantan Timur,Kantor Wilayah Ditjenpas Kalimantan Timur,Kota Bontang,,0.12992296917807775,117.45065094890033,Pusat kota/kabupaten—kandidat,Kandidat pusat wilayah dari dataset geocode administratif,0.88,BONTANG,True,Koordinat belum menunjukkan alamat gedung UPT; wajib diperiksa Super Admin.
Lapas Kelas IIA Samarinda,Lapas,IIA,Umum,Kalimantan Timur,Kantor Wilayah Ditjenpas Kalimantan Timur,Kota Samarinda,,-0.53035250726251,117.13650423118268,Pusat kota/kabupaten—kandidat,Kandidat pusat wilayah dari dataset geocode administratif,0.88,SAMARINDA,True,Koordinat belum menunjukkan alamat gedung UPT; wajib diperiksa Super Admin.
Lapas Kelas IIA Tenggarong,Lapas,IIA,Umum,Kalimantan Timur,Kantor Wilayah Ditjenpas Kalimantan Timur,Kutai Kartanegara,,0.19563304999999998,116.20041670228474,Pusat kota/kabupaten—kandidat,Kandidat pusat wilayah dari dataset geocode administratif,0.95,KUTAI KARTANEGARA,True,Koordinat belum menunjukkan alamat gedung UPT; wajib diperiksa Super Admin.
Lapas Narkotika Kelas IIA Samarinda,Lapas,IIA,Narkotika,Kalimantan Timur,Kantor Wilayah Ditjenpas Kalimantan Timur,Kota Samarinda,,-0.53035250726251,117.13650423118268,Pusat kota/kabupaten—kandidat,Kandidat pusat wilayah dari dataset geocode administratif,0.88,SAMARINDA,True,Koordinat belum menunjukkan alamat gedung UPT; wajib diperiksa Super Admin.
Lapas Perempuan Kelas IIA Samarinda,Lapas,IIA,Perempuan,Kalimantan Timur,Kantor Wilayah Ditjenpas Kalimantan Timur,Kota Samarinda,,-0.53035250726251,117.13650423118268,Pusat kota/kabupaten—kandidat,Kandidat pusat wilayah dari dataset geocode administratif,0.88,SAMARINDA,True,Koordinat belum menunjukkan alamat gedung UPT; wajib diperiksa Super Admin.
Rutan Kelas IIA Samarinda,Rutan,IIA,Umum,Kalimantan Timur,Kantor Wilayah Ditjenpas Kalimantan Timur,Kota Samarinda,,-0.53035250726251,117.13650423118268,Pusat kota/kabupaten—kandidat,Kandidat pusat wilayah dari dataset geocode administratif,0.88,SAMARINDA,True,Koordinat belum menunjukkan alamat gedung UPT; wajib diperiksa Super Admin.
Rutan Kelas IIB Balikpapan,Rutan,IIB,Umum,Kalimantan Timur,Kantor Wilayah Ditjenpas Kalimantan Timur,Kota Balikpapan,,-1.2677838814680904,116.85374123148053,Pusat kota/kabupaten—kandidat,Kandidat pusat wilayah dari dataset geocode administratif,0.88,BALIKPAPAN,True,Koordinat belum menunjukkan alamat gedung UPT; wajib diperiksa Super Admin.
Rutan Kelas IIB Tanah Grogot,Rutan,IIB,Umum,Kalimantan Timur,Kantor Wilayah Ditjenpas Kalimantan Timur,Penajam Paser Utara,,-1.1973862,116.56730326735101,Pusat kota/kabupaten—kandidat,Kandidat pusat wilayah dari dataset geocode administratif,0.95,PASER,True,Koordinat belum menunjukkan alamat gedung UPT; wajib diperiksa Super Admin.
Rutan Kelas IIB Tanjung Redeb,Rutan,IIB,Umum,Kalimantan Timur,Kantor Wilayah Ditjenpas Kalimantan Timur,Berau,,1.77675355,117.26917636895378,Pusat kota/kabupaten—kandidat,Kandidat pusat wilayah dari dataset geocode administratif,0.95,BERAU,True,Koordinat belum menunjukkan alamat gedung UPT; wajib diperiksa Super Admin.
Lapas Kelas IIA Tarakan,Lapas,IIA,Umum,Kalimantan Utara,Kantor Wilayah Ditjenpas Kalimantan Utara,Kota Tarakan,,3.3725793411180853,117.57197768979529,Pusat kota/kabupaten—kandidat,Kandidat pusat wilayah dari dataset geocode administratif,0.88,TARAKAN,True,Koordinat belum menunjukkan alamat gedung UPT; wajib diperiksa Super Admin.
Lapas Kelas IIB Nunukan,Lapas,IIB,Umum,Kalimantan Utara,Kantor Wilayah Ditjenpas Kalimantan Utara,Nunukan,,3.9074565000000003,117.04235063789662,Pusat kota/kabupaten—kandidat,Kandidat pusat wilayah dari dataset geocode administratif,0.88,NUNUKAN,True,Koordinat belum menunjukkan alamat gedung UPT; wajib diperiksa Super Admin.
Lapas Kelas IIA Pangkal Pinang,Lapas,IIA,Umum,Kepulauan Bangka Belitung,Kantor Wilayah Ditjenpas Kepulauan Bangka Belitung,,,-2.7411,106.4406,Pusat provinsi—perlu verifikasi,Kandidat pusat wilayah dari dataset geocode administratif,0.337,PANGKALPINANG,True,Koordinat belum menunjukkan alamat gedung UPT; wajib diperiksa Super Admin.
Lapas Kelas IIB Sungai Liat,Lapas,IIB,Umum,Kepulauan Bangka Belitung,Kantor Wilayah Ditjenpas Kepulauan Bangka Belitung,Bangka Selatan,,-2.77689755,106.29395838150067,Pusat kota/kabupaten—kandidat,Kandidat pusat wilayah dari dataset geocode administratif,0.95,BANGKA,True,Koordinat belum menunjukkan alamat gedung UPT; wajib diperiksa Super Admin.
Lapas Kelas IIB Tanjung Pandan,Lapas,IIB,Umum,Kepulauan Bangka Belitung,Kantor Wilayah Ditjenpas Kepulauan Bangka Belitung,Belitung Timur,,-2.9164574,108.00372175752332,Pusat kota/kabupaten—kandidat,Kandidat pusat wilayah dari dataset geocode administratif,0.95,BELITUNG,True,Koordinat belum menunjukkan alamat gedung UPT; wajib diperiksa Super Admin.
Lapas Narkotika Kelas IIA Pangkal Pinang,Lapas,IIA,Narkotika,Kepulauan Bangka Belitung,Kantor Wilayah Ditjenpas Kepulauan Bangka Belitung,,,-2.7411,106.4406,Pusat provinsi—perlu verifikasi,Kandidat pusat wilayah dari dataset geocode administratif,0.337,PANGKALPINANG,True,Koordinat belum menunjukkan alamat gedung UPT; wajib diperiksa Super Admin.
Lapas Perempuan Kelas III Pangkalpinang,Lapas,III,Perempuan,Kepulauan Bangka Belitung,Kantor Wilayah Ditjenpas Kepulauan Bangka Belitung,,,-2.7411,106.4406,Pusat provinsi—perlu verifikasi,Kandidat pusat wilayah dari dataset geocode administratif,0.337,PANGKALPINANG,True,Koordinat belum menunjukkan alamat gedung UPT; wajib diperiksa Super Admin.
Rutan Kelas IIB Muntok,Rutan,IIB,Umum,Kepulauan Bangka Belitung,Kantor Wilayah Ditjenpas Kepulauan Bangka Belitung,Bangka Barat,,-1.8412375,105.55187121706234,Pusat kota/kabupaten—kandidat,Kandidat pusat wilayah dari dataset geocode administratif,0.95,BANGKA BARAT,True,Koordinat belum menunjukkan alamat gedung UPT; wajib diperiksa Super Admin.
Lapas Kelas IIA Batam,Lapas,IIA,Umum,Kepulauan Riau,Kantor Wilayah Ditjenpas Kepulauan Riau,Kota Batam,,1.0507341091186948,103.96072380830518,Pusat kota/kabupaten—kandidat,Kandidat pusat wilayah dari dataset geocode administratif,0.88,BATAM,True,Koordinat belum menunjukkan alamat gedung UPT; wajib diperiksa Super Admin.
Lapas Kelas IIA Tanjung Pinang,Lapas,IIA,Umum,Kepulauan Riau,Kantor Wilayah Ditjenpas Kepulauan Riau,,,3.9457,108.1429,Pusat provinsi—perlu verifikasi,Kandidat pusat wilayah dari dataset geocode administratif,0.337,TANJUNGPINANG,True,Koordinat belum menunjukkan alamat gedung UPT; wajib diperiksa Super Admin.
Lapas Kelas III Dabo Singkep,Lapas,III,Umum,Kepulauan Riau,Kantor Wilayah Ditjenpas Kepulauan Riau,Lingga,,-0.5094966000000001,104.41416137114891,Pusat kota/kabupaten—kandidat,Kandidat pusat wilayah dari dataset geocode administratif,0.95,LINGGA,True,Koordinat belum menunjukkan alamat gedung UPT; wajib diperiksa Super Admin.
Lapas Narkotika Kelas IIA Tanjung Pinang,Lapas,IIA,Narkotika,Kepulauan Riau,Kantor Wilayah Ditjenpas Kepulauan Riau,,,3.9457,108.1429,Pusat provinsi—perlu verifikasi,Kandidat pusat wilayah dari dataset geocode administratif,0.337,TANJUNGPINANG,True,Koordinat belum menunjukkan alamat gedung UPT; wajib diperiksa Super Admin.
Lapas Perempuan Kelas IIB Batam,Lapas,IIB,Perempuan,Kepulauan Riau,Kantor Wilayah Ditjenpas Kepulauan Riau,Kota Batam,,1.0507341091186948,103.96072380830518,Pusat kota/kabupaten—kandidat,Kandidat pusat wilayah dari dataset geocode administratif,0.88,BATAM,True,Koordinat belum menunjukkan alamat gedung UPT; wajib diperiksa Super Admin.
Rutan Kelas I Tanjung Pinang,Rutan,I,Umum,Kepulauan Riau,Kantor Wilayah Ditjenpas Kepulauan Riau,,,3.9457,108.1429,Pusat provinsi—perlu verifikasi,Kandidat pusat wilayah dari dataset geocode administratif,0.337,TANJUNGPINANG,True,Koordinat belum menunjukkan alamat gedung UPT; wajib diperiksa Super Admin.
Rutan Kelas IIA Batam,Rutan,IIA,Umum,Kepulauan Riau,Kantor Wilayah Ditjenpas Kepulauan Riau,Kota Batam,,1.0507341091186948,103.96072380830518,Pusat kota/kabupaten—kandidat,Kandidat pusat wilayah dari dataset geocode administratif,0.88,BATAM,True,Koordinat belum menunjukkan alamat gedung UPT; wajib diperiksa Super Admin.
Rutan Kelas IIB Tanjung Balai Karimun,Rutan,IIB,Umum,Kepulauan Riau,Kantor Wilayah Ditjenpas Kepulauan Riau,Karimun,,0.76538705,103.42874447233233,Pusat kota/kabupaten—kandidat,Kandidat pusat wilayah dari dataset geocode administratif,0.88,TANJUNG BALAI KARIMUN,True,Koordinat belum menunjukkan alamat gedung UPT; wajib diperiksa Super Admin.
Lapas Kelas I Bandar Lampung,Lapas,I,Umum,Lampung,Kantor Wilayah Ditjenpas Lampung,Kota Bandar Lampung,,-5.447920081849077,105.26984206354736,Pusat kota/kabupaten—kandidat,Kandidat pusat wilayah dari dataset geocode administratif,0.95,KOTA BANDAR LAMPUNG,True,Koordinat belum menunjukkan alamat gedung UPT; wajib diperiksa Super Admin.
Lapas Kelas IIA Kalianda,Lapas,IIA,Umum,Lampung,Kantor Wilayah Ditjenpas Lampung,Lampung Selatan,,-5.54148865,105.51100092534513,Pusat kota/kabupaten—kandidat,Kandidat pusat wilayah dari dataset geocode administratif,0.95,LAMPUNG SELATAN,True,Koordinat belum menunjukkan alamat gedung UPT; wajib diperiksa Super Admin.
Lapas Kelas IIA Kotabumi,Lapas,IIA,Umum,Lampung,Kantor Wilayah Ditjenpas Lampung,Lampung Utara,,-4.8086085,104.8628814822757,Pusat kota/kabupaten—kandidat,Kandidat pusat wilayah dari dataset geocode administratif,0.95,LAMPUNG UTARA,True,Koordinat belum menunjukkan alamat gedung UPT; wajib diperiksa Super Admin.
Lapas Kelas IIA Metro,Lapas,IIA,Umum,Lampung,Kantor Wilayah Ditjenpas Lampung,Kota Metro,,-5.1503326710449695,105.30159360946813,Pusat kota/kabupaten—kandidat,Kandidat pusat wilayah dari dataset geocode administratif,0.88,METRO,True,Koordinat belum menunjukkan alamat gedung UPT; wajib diperiksa Super Admin.
Lapas Kelas IIB Gunung Sugih,Lapas,IIB,Umum,Lampung,Kantor Wilayah Ditjenpas Lampung,Lampung Tengah,,-4.8728473,105.32601289261834,Pusat kota/kabupaten—kandidat,Kandidat pusat wilayah dari dataset geocode administratif,0.95,LAMPUNG TENGAH,True,Koordinat belum menunjukkan alamat gedung UPT; wajib diperiksa Super Admin.
Lapas Kelas IIB Kota Agung,Lapas,IIB,Umum,Lampung,Kantor Wilayah Ditjenpas Lampung,Tanggamus,,-5.51405375,104.77714350239212,Pusat kota/kabupaten—kandidat,Kandidat pusat wilayah dari dataset geocode administratif,0.95,TANGGAMUS,True,Koordinat belum menunjukkan alamat gedung UPT; wajib diperiksa Super Admin.
Lapas Kelas IIB Waykanan,Lapas,IIB,Umum,Lampung,Kantor Wilayah Ditjenpas Lampung,Way Kanan,,-4.56694035,104.51616024455134,Pusat kota/kabupaten—kandidat,Kandidat pusat wilayah dari dataset geocode administratif,0.95,WAY KANAN,True,Koordinat belum menunjukkan alamat gedung UPT; wajib diperiksa Super Admin.
Lapas Narkotika Kelas IIA Bandar Lampung,Lapas,IIA,Narkotika,Lampung,Kantor Wilayah Ditjenpas Lampung,Kota Bandar Lampung,,-5.447920081849077,105.26984206354736,Pusat kota/kabupaten—kandidat,Kandidat pusat wilayah dari dataset geocode administratif,0.95,KOTA BANDAR LAMPUNG,True,Koordinat belum menunjukkan alamat gedung UPT; wajib diperiksa Super Admin.
Lapas Perempuan Kelas IIA Bandar Lampung,Lapas,IIA,Perempuan,Lampung,Kantor Wilayah Ditjenpas Lampung,Kota Bandar Lampung,,-5.447920081849077,105.26984206354736,Pusat kota/kabupaten—kandidat,Kandidat pusat wilayah dari dataset geocode administratif,0.95,KOTA BANDAR LAMPUNG,True,Koordinat belum menunjukkan alamat gedung UPT; wajib diperiksa Super Admin.
Rutan Kelas I Bandar Lampung,Rutan,I,Umum,Lampung,Kantor Wilayah Ditjenpas Lampung,Kota Bandar Lampung,,-5.447920081849077,105.26984206354736,Pusat kota/kabupaten—kandidat,Kandidat pusat wilayah dari dataset geocode administratif,0.95,KOTA BANDAR LAMPUNG,True,Koordinat belum menunjukkan alamat gedung UPT; wajib diperiksa Super Admin.
Rutan Kelas IIB Kota Agung,Rutan,IIB,Umum,Lampung,Kantor Wilayah Ditjenpas Lampung,Tanggamus,,-5.51405375,104.77714350239212,Pusat kota/kabupaten—kandidat,Kandidat pusat wilayah dari dataset geocode administratif,0.95,TANGGAMUS,True,Koordinat belum menunjukkan alamat gedung UPT; wajib diperiksa Super Admin.
Rutan Kelas IIB Kotabumi,Rutan,IIB,Umum,Lampung,Kantor Wilayah Ditjenpas Lampung,Lampung Utara,,-4.8086085,104.8628814822757,Pusat kota/kabupaten—kandidat,Kandidat pusat wilayah dari dataset geocode administratif,0.95,LAMPUNG UTARA,True,Koordinat belum menunjukkan alamat gedung UPT; wajib diperiksa Super Admin.
Rutan Kelas IIB Krui,Rutan,IIB,Umum,Lampung,Kantor Wilayah Ditjenpas Lampung,Pesisir Barat,,-5.3669442499999995,104.18664171357318,Pusat kota/kabupaten—kandidat,Kandidat pusat wilayah dari dataset geocode administratif,0.95,PESISIR BARAT,True,Koordinat belum menunjukkan alamat gedung UPT; wajib diperiksa Super Admin.
Rutan Kelas IIB Menggala,Rutan,IIB,Umum,Lampung,Kantor Wilayah Ditjenpas Lampung,Tulang Bawang Barat,,-4.43242555,105.16826426180435,Pusat kota/kabupaten—kandidat,Kandidat pusat wilayah dari dataset geocode administratif,0.95,TULANG BAWANG,True,Koordinat belum menunjukkan alamat gedung UPT; wajib diperiksa Super Admin.
Rutan Kelas IIB Sukadana,Rutan,IIB,Umum,Lampung,Kantor Wilayah Ditjenpas Lampung,Lampung Timur,,-5.119711649999999,105.59515146938611,Pusat kota/kabupaten—kandidat,Kandidat pusat wilayah dari dataset geocode administratif,0.95,LAMPUNG TIMUR,True,Koordinat belum menunjukkan alamat gedung UPT; wajib diperiksa Super Admin.
Lapas Kelas IIA Ambon,Lapas,IIA,Umum,Maluku,Kantor Wilayah Ditjenpas Maluku,Kota Ambon,,-3.7109497541696186,128.25934175633418,Pusat kota/kabupaten—kandidat,Kandidat pusat wilayah dari dataset geocode administratif,0.88,AMBON,True,Koordinat belum menunjukkan alamat gedung UPT; wajib diperiksa Super Admin.
Lapas Kelas IIB Piru,Lapas,IIB,Umum,Maluku,Kantor Wilayah Ditjenpas Maluku,Seram Bagian Barat,,-3.1642057,128.48365583768998,Pusat kota/kabupaten—kandidat,Kandidat pusat wilayah dari dataset geocode administratif,0.95,SERAM BAGIAN BARAT,True,Koordinat belum menunjukkan alamat gedung UPT; wajib diperiksa Super Admin.
Lapas Kelas IIB Tual,Lapas,IIB,Umum,Maluku,Kantor Wilayah Ditjenpas Maluku,Kota Tual,,-5.590517831080911,132.00409352316436,Pusat kota/kabupaten—kandidat,Kandidat pusat wilayah dari dataset geocode administratif,0.88,TUAL,True,Koordinat belum menunjukkan alamat gedung UPT; wajib diperiksa Super Admin.
Lapas Kelas III Bandanaira,Lapas,III,Umum,Maluku,Kantor Wilayah Ditjenpas Maluku,Maluku Tengah,,-3.1214456,129.45999219128663,Pusat kota/kabupaten—kandidat,Kandidat pusat wilayah dari dataset geocode administratif,0.95,MALUKU TENGAH,True,Koordinat belum menunjukkan alamat gedung UPT; wajib diperiksa Super Admin.
Lapas Kelas III Dobo,Lapas,III,Umum,Maluku,Kantor Wilayah Ditjenpas Maluku,Kepulauan Aru,,-6.2281475,134.49796567482778,Pusat kota/kabupaten—kandidat,Kandidat pusat wilayah dari dataset geocode administratif,0.95,KEPULAUAN ARU,True,Koordinat belum menunjukkan alamat gedung UPT; wajib diperiksa Super Admin.
Lapas Kelas III Geser,Lapas,III,Umum,Maluku,Kantor Wilayah Ditjenpas Maluku,Seram Bagian Timur,,-3.42315865,130.3910924134346,Pusat kota/kabupaten—kandidat,Kandidat pusat wilayah dari dataset geocode administratif,0.95,SERAM BAGIAN TIMUR,True,Koordinat belum menunjukkan alamat gedung UPT; wajib diperiksa Super Admin.
Lapas Kelas III Namlea,Lapas,III,Umum,Maluku,Kantor Wilayah Ditjenpas Maluku,Buru Selatan,,-3.4866756,126.35015283292451,Pusat kota/kabupaten—kandidat,Kandidat pusat wilayah dari dataset geocode administratif,0.95,BURU,True,Koordinat belum menunjukkan alamat gedung UPT; wajib diperiksa Super Admin.
Lapas Kelas III Saparua,Lapas,III,Umum,Maluku,Kantor Wilayah Ditjenpas Maluku,Maluku Tengah,,-3.1214456,129.45999219128663,Pusat kota/kabupaten—kandidat,Kandidat pusat wilayah dari dataset geocode administratif,0.95,MALUKU TENGAH,True,Koordinat belum menunjukkan alamat gedung UPT; wajib diperiksa Super Admin.
Lapas Kelas III Saumlaki,Lapas,III,Umum,Maluku,Kantor Wilayah Ditjenpas Maluku,Kepulauan Aru,,-6.2281475,134.49796567482778,Pusat kota/kabupaten—kandidat,Kandidat pusat wilayah dari dataset geocode administratif,0.488,KEPULAUAN TANIMBAR,True,Koordinat belum menunjukkan alamat gedung UPT; wajib diperiksa Super Admin.
Lapas Kelas III Wahai,Lapas,III,Umum,Maluku,Kantor Wilayah Ditjenpas Maluku,Maluku Tengah,,-3.1214456,129.45999219128663,Pusat kota/kabupaten—kandidat,Kandidat pusat wilayah dari dataset geocode administratif,0.95,MALUKU TENGAH,True,Koordinat belum menunjukkan alamat gedung UPT; wajib diperiksa Super Admin.
Lapas Kelas III Wonreli,Lapas,III,Umum,Maluku,Kantor Wilayah Ditjenpas Maluku,Maluku Barat Daya,,-7.786720600000001,126.24278269900458,Pusat kota/kabupaten—kandidat,Kandidat pusat wilayah dari dataset geocode administratif,0.95,MALUKU BARAT DAYA,True,Koordinat belum menunjukkan alamat gedung UPT; wajib diperiksa Super Admin.
Lapas Perempuan Kelas III Ambon,Lapas,III,Perempuan,Maluku,Kantor Wilayah Ditjenpas Maluku,Kota Ambon,,-3.7109497541696186,128.25934175633418,Pusat kota/kabupaten—kandidat,Kandidat pusat wilayah dari dataset geocode administratif,0.88,AMBON,True,Koordinat belum menunjukkan alamat gedung UPT; wajib diperiksa Super Admin.
Rutan Kelas IIA Ambon,Rutan,IIA,Umum,Maluku,Kantor Wilayah Ditjenpas Maluku,Kota Ambon,,-3.7109497541696186,128.25934175633418,Pusat kota/kabupaten—kandidat,Kandidat pusat wilayah dari dataset geocode administratif,0.88,AMBON,True,Koordinat belum menunjukkan alamat gedung UPT; wajib diperiksa Super Admin.
Rutan Kelas IIB Masohi,Rutan,IIB,Umum,Maluku,Kantor Wilayah Ditjenpas Maluku,Maluku Tengah,,-3.1214456,129.45999219128663,Pusat kota/kabupaten—kandidat,Kandidat pusat wilayah dari dataset geocode administratif,0.95,MALUKU TENGAH,True,Koordinat belum menunjukkan alamat gedung UPT; wajib diperiksa Super Admin.
Lapas Kelas IIA Ternate,Lapas,IIA,Umum,Maluku Utara,Kantor Wilayah Ditjenpas Maluku Utara,Kota Ternate,,0.835846,127.355265,Pusat kota/kabupaten—kandidat,Kandidat pusat wilayah dari dataset geocode administratif,0.88,TERNATE,True,Koordinat belum menunjukkan alamat gedung UPT; wajib diperiksa Super Admin.
Lapas Kelas IIB Jailolo,Lapas,IIB,Umum,Maluku Utara,Kantor Wilayah Ditjenpas Maluku Utara,Halmahera Barat,,1.36310545,127.57379580323675,Pusat kota/kabupaten—kandidat,Kandidat pusat wilayah dari dataset geocode administratif,0.95,HALMAHERA BARAT,True,Koordinat belum menunjukkan alamat gedung UPT; wajib diperiksa Super Admin.
Lapas Kelas IIB Sanana,Lapas,IIB,Umum,Maluku Utara,Kantor Wilayah Ditjenpas Maluku Utara,Kepulauan Sula,,-1.8625438,125.83064683040956,Pusat kota/kabupaten—kandidat,Kandidat pusat wilayah dari dataset geocode administratif,0.95,KEPULAUAN SULA,True,Koordinat belum menunjukkan alamat gedung UPT; wajib diperiksa Super Admin.
Lapas Kelas IIB Tobello,Lapas,IIB,Umum,Maluku Utara,Kantor Wilayah Ditjenpas Maluku Utara,Halmahera Utara,,1.6178705,127.8584679014164,Pusat kota/kabupaten—kandidat,Kandidat pusat wilayah dari dataset geocode administratif,0.95,HALMAHERA UTARA,True,Koordinat belum menunjukkan alamat gedung UPT; wajib diperiksa Super Admin.
Lapas Kelas III Labuha,Lapas,III,Umum,Maluku Utara,Kantor Wilayah Ditjenpas Maluku Utara,Halmahera Selatan,,-1.53437,127.71655904814762,Pusat kota/kabupaten—kandidat,Kandidat pusat wilayah dari dataset geocode administratif,0.95,HALMAHERA SELATAN,True,Koordinat belum menunjukkan alamat gedung UPT; wajib diperiksa Super Admin.
Lapas Perempuan Kelas III Ternate,Lapas,III,Perempuan,Maluku Utara,Kantor Wilayah Ditjenpas Maluku Utara,Kota Ternate,,0.835846,127.355265,Pusat kota/kabupaten—kandidat,Kandidat pusat wilayah dari dataset geocode administratif,0.88,TERNATE,True,Koordinat belum menunjukkan alamat gedung UPT; wajib diperiksa Super Admin.
Rutan Kelas IIB Soa Siu,Rutan,IIB,Umum,Maluku Utara,Kantor Wilayah Ditjenpas Maluku Utara,Kepulauan Sula,,-1.8625438,125.83064683040956,Pusat kota/kabupaten—kandidat,Kandidat pusat wilayah dari dataset geocode administratif,0.95,KEPULAUAN SULA,True,Koordinat belum menunjukkan alamat gedung UPT; wajib diperiksa Super Admin.
Rutan Kelas IIB Ternate,Rutan,IIB,Umum,Maluku Utara,Kantor Wilayah Ditjenpas Maluku Utara,Kota Ternate,,0.835846,127.355265,Pusat kota/kabupaten—kandidat,Kandidat pusat wilayah dari dataset geocode administratif,0.88,TERNATE,True,Koordinat belum menunjukkan alamat gedung UPT; wajib diperiksa Super Admin.
Rutan Kelas IIB Weda,Rutan,IIB,Umum,Maluku Utara,Kantor Wilayah Ditjenpas Maluku Utara,Halmahera Tengah,,0.3888811,128.58322374326178,Pusat kota/kabupaten—kandidat,Kandidat pusat wilayah dari dataset geocode administratif,0.95,HALMAHERA TENGAH,True,Koordinat belum menunjukkan alamat gedung UPT; wajib diperiksa Super Admin.
Lapas Kelas IIA Mataram,Lapas,IIA,Umum,Nusa Tenggara Barat,Kantor Wilayah Ditjenpas Nusa Tenggara Barat,Kota Mataram,,-8.599383005690425,116.15559607287315,Pusat kota/kabupaten—kandidat,Kandidat pusat wilayah dari dataset geocode administratif,0.88,MATARAM,True,Koordinat belum menunjukkan alamat gedung UPT; wajib diperiksa Super Admin.
Lapas Kelas IIA Sumbawa Besar,Lapas,IIA,Umum,Nusa Tenggara Barat,Kantor Wilayah Ditjenpas Nusa Tenggara Barat,Sumbawa,,-8.5949025,117.27160682483327,Pusat kota/kabupaten—kandidat,Kandidat pusat wilayah dari dataset geocode administratif,0.88,SUMBAWA BESAR,True,Koordinat belum menunjukkan alamat gedung UPT; wajib diperiksa Super Admin.
Lapas Kelas IIB Dompu,Lapas,IIB,Umum,Nusa Tenggara Barat,Kantor Wilayah Ditjenpas Nusa Tenggara Barat,Dompu,,-8.5164771,118.33121614464076,Pusat kota/kabupaten—kandidat,Kandidat pusat wilayah dari dataset geocode administratif,0.88,DOMPU,True,Koordinat belum menunjukkan alamat gedung UPT; wajib diperiksa Super Admin.
Lapas Kelas IIB Selong,Lapas,IIB,Umum,Nusa Tenggara Barat,Kantor Wilayah Ditjenpas Nusa Tenggara Barat,Lombok Timur,,-8.6330934,116.5587704,Pusat kota/kabupaten—kandidat,Kandidat pusat wilayah dari dataset geocode administratif,0.95,LOMBOK TIMUR,True,Koordinat belum menunjukkan alamat gedung UPT; wajib diperiksa Super Admin.
Lapas Perempuan Kelas III Mataram,Lapas,III,Perempuan,Nusa Tenggara Barat,Kantor Wilayah Ditjenpas Nusa Tenggara Barat,Kota Mataram,,-8.599383005690425,116.15559607287315,Pusat kota/kabupaten—kandidat,Kandidat pusat wilayah dari dataset geocode administratif,0.88,MATARAM,True,Koordinat belum menunjukkan alamat gedung UPT; wajib diperiksa Super Admin.
Lapas Terbuka Kelas IIB Lombok Tengah,Lapas,IIB,Terbuka,Nusa Tenggara Barat,Kantor Wilayah Ditjenpas Nusa Tenggara Barat,Lombok Tengah,,-8.703071,116.2899373,Pusat kota/kabupaten—kandidat,Kandidat pusat wilayah dari dataset geocode administratif,0.88,LOMBOK TENGAH,True,Koordinat belum menunjukkan alamat gedung UPT; wajib diperiksa Super Admin.
Rutan Kelas IIB Praya,Rutan,IIB,Umum,Nusa Tenggara Barat,Kantor Wilayah Ditjenpas Nusa Tenggara Barat,Lombok Tengah,,-8.703071,116.2899373,Pusat kota/kabupaten—kandidat,Kandidat pusat wilayah dari dataset geocode administratif,0.95,LOMBOK TENGAH,True,Koordinat belum menunjukkan alamat gedung UPT; wajib diperiksa Super Admin.
Rutan Kelas IIB Raba Bima,Rutan,IIB,Umum,Nusa Tenggara Barat,Kantor Wilayah Ditjenpas Nusa Tenggara Barat,Bima,,-8.5647631,118.7624739969225,Pusat kota/kabupaten—kandidat,Kandidat pusat wilayah dari dataset geocode administratif,0.95,BIMA,True,Koordinat belum menunjukkan alamat gedung UPT; wajib diperiksa Super Admin.
Lapas Kelas IIA Kupang,Lapas,IIA,Umum,Nusa Tenggara Timur,Kantor Wilayah Ditjenpas Nusa Tenggara Timur,Kupang,,-10.1632209,123.6017755,Pusat kota/kabupaten—kandidat,Kandidat pusat wilayah dari dataset geocode administratif,0.88,KUPANG,True,Koordinat belum menunjukkan alamat gedung UPT; wajib diperiksa Super Admin.
Lapas Kelas IIA Waingapu,Lapas,IIA,Umum,Nusa Tenggara Timur,Kantor Wilayah Ditjenpas Nusa Tenggara Timur,Sumba Timur,,-9.8342576,120.2094194,Pusat kota/kabupaten—kandidat,Kandidat pusat wilayah dari dataset geocode administratif,0.95,SUMBA TIMUR,True,Koordinat belum menunjukkan alamat gedung UPT; wajib diperiksa Super Admin.
Lapas Kelas IIB Atambua,Lapas,IIB,Umum,Nusa Tenggara Timur,Kantor Wilayah Ditjenpas Nusa Tenggara Timur,Belu,,-9.175972,124.91635368029272,Pusat kota/kabupaten—kandidat,Kandidat pusat wilayah dari dataset geocode administratif,0.95,BELU,True,Koordinat belum menunjukkan alamat gedung UPT; wajib diperiksa Super Admin.
Lapas Kelas IIB Ende,Lapas,IIB,Umum,Nusa Tenggara Timur,Kantor Wilayah Ditjenpas Nusa Tenggara Timur,Ende,,-8.672867499999999,121.69291732410474,Pusat kota/kabupaten—kandidat,Kandidat pusat wilayah dari dataset geocode administratif,0.88,ENDE,True,Koordinat belum menunjukkan alamat gedung UPT; wajib diperiksa Super Admin.
Lapas Kelas IIB Kalabahi,Lapas,IIB,Umum,Nusa Tenggara Timur,Kantor Wilayah Ditjenpas Nusa Tenggara Timur,Alor,,-8.291144849999998,124.7777164000955,Pusat kota/kabupaten—kandidat,Kandidat pusat wilayah dari dataset geocode administratif,0.95,ALOR,True,Koordinat belum menunjukkan alamat gedung UPT; wajib diperiksa Super Admin.
Lapas Kelas IIB Waikabubak,Lapas,IIB,Umum,Nusa Tenggara Timur,Kantor Wilayah Ditjenpas Nusa Tenggara Timur,Sumba Barat Daya,,-9.537821000000001,119.16230194503791,Pusat kota/kabupaten—kandidat,Kandidat pusat wilayah dari dataset geocode administratif,0.95,SUMBA BARAT,True,Koordinat belum menunjukkan alamat gedung UPT; wajib diperiksa Super Admin.
Lapas Kelas III Baa,Lapas,III,Umum,Nusa Tenggara Timur,Kantor Wilayah Ditjenpas Nusa Tenggara Timur,Rote Ndao,,-10.68702915,123.20843503116711,Pusat kota/kabupaten—kandidat,Kandidat pusat wilayah dari dataset geocode administratif,0.95,ROTE NDAO,True,Koordinat belum menunjukkan alamat gedung UPT; wajib diperiksa Super Admin.
Lapas Kelas III Lembata,Lapas,III,Umum,Nusa Tenggara Timur,Kantor Wilayah Ditjenpas Nusa Tenggara Timur,Lembata,,-8.37814435,123.54462658999077,Pusat kota/kabupaten—kandidat,Kandidat pusat wilayah dari dataset geocode administratif,0.88,LEMBATA,True,Koordinat belum menunjukkan alamat gedung UPT; wajib diperiksa Super Admin.
Lapas Perempuan Kelas IIB Kupang,Lapas,IIB,Perempuan,Nusa Tenggara Timur,Kantor Wilayah Ditjenpas Nusa Tenggara Timur,Kupang,,-10.1632209,123.6017755,Pusat kota/kabupaten—kandidat,Kandidat pusat wilayah dari dataset geocode administratif,0.88,KUPANG,True,Koordinat belum menunjukkan alamat gedung UPT; wajib diperiksa Super Admin.
Lapas Terbuka Kelas IIB Waikabubak,Lapas,IIB,Terbuka,Nusa Tenggara Timur,Kantor Wilayah Ditjenpas Nusa Tenggara Timur,Sumba Barat Daya,,-9.537821000000001,119.16230194503791,Pusat kota/kabupaten—kandidat,Kandidat pusat wilayah dari dataset geocode administratif,0.95,SUMBA BARAT,True,Koordinat belum menunjukkan alamat gedung UPT; wajib diperiksa Super Admin.
Rutan Kelas IIB Bajawa,Rutan,IIB,Umum,Nusa Tenggara Timur,Kantor Wilayah Ditjenpas Nusa Tenggara Timur,Ngada,,-8.6499482,120.98670703234544,Pusat kota/kabupaten—kandidat,Kandidat pusat wilayah dari dataset geocode administratif,0.95,NGADA,True,Koordinat belum menunjukkan alamat gedung UPT; wajib diperiksa Super Admin.
Rutan Kelas IIB Kefamenanu,Rutan,IIB,Umum,Nusa Tenggara Timur,Kantor Wilayah Ditjenpas Nusa Tenggara Timur,Timor Tengah Utara,,-9.340513000000001,124.61066614859645,Pusat kota/kabupaten—kandidat,Kandidat pusat wilayah dari dataset geocode administratif,0.95,TIMOR TENGAH UTARA,True,Koordinat belum menunjukkan alamat gedung UPT; wajib diperiksa Super Admin.
Rutan Kelas IIB Kupang,Rutan,IIB,Umum,Nusa Tenggara Timur,Kantor Wilayah Ditjenpas Nusa Tenggara Timur,Kupang,,-10.1632209,123.6017755,Pusat kota/kabupaten—kandidat,Kandidat pusat wilayah dari dataset geocode administratif,0.88,KUPANG,True,Koordinat belum menunjukkan alamat gedung UPT; wajib diperiksa Super Admin.
Rutan Kelas IIB Larantuka,Rutan,IIB,Umum,Nusa Tenggara Timur,Kantor Wilayah Ditjenpas Nusa Tenggara Timur,Flores Timur,,-8.318462,123.16579632309583,Pusat kota/kabupaten—kandidat,Kandidat pusat wilayah dari dataset geocode administratif,0.95,FLORES TIMUR,True,Koordinat belum menunjukkan alamat gedung UPT; wajib diperiksa Super Admin.
Rutan Kelas IIB Maumere,Rutan,IIB,Umum,Nusa Tenggara Timur,Kantor Wilayah Ditjenpas Nusa Tenggara Timur,Sikka,,-8.5946841,122.09263522276441,Pusat kota/kabupaten—kandidat,Kandidat pusat wilayah dari dataset geocode administratif,0.95,SIKKA,True,Koordinat belum menunjukkan alamat gedung UPT; wajib diperiksa Super Admin.
Rutan Kelas IIB Ruteng,Rutan,IIB,Umum,Nusa Tenggara Timur,Kantor Wilayah Ditjenpas Nusa Tenggara Timur,Manggarai Barat,,-8.5741281,120.06112521397347,Pusat kota/kabupaten—kandidat,Kandidat pusat wilayah dari dataset geocode administratif,0.95,MANGGARAI,True,Koordinat belum menunjukkan alamat gedung UPT; wajib diperiksa Super Admin.
Rutan Kelas IIB Soe,Rutan,IIB,Umum,Nusa Tenggara Timur,Kantor Wilayah Ditjenpas Nusa Tenggara Timur,Timor Tengah Selatan,,-9.82305125,124.43559530205364,Pusat kota/kabupaten—kandidat,Kandidat pusat wilayah dari dataset geocode administratif,0.95,TIMOR TENGAH SELATAN,True,Koordinat belum menunjukkan alamat gedung UPT; wajib diperiksa Super Admin.
Lapas Kelas IIA Abepura,Lapas,IIA,Umum,Papua,Kantor Wilayah Ditjenpas Papua,Jayapura,,-2.5387539,140.7037389,Pusat kota/kabupaten—kandidat,Kandidat pusat wilayah dari dataset geocode administratif,0.95,JAYAPURA,True,Koordinat belum menunjukkan alamat gedung UPT; wajib diperiksa Super Admin.
Lapas Kelas IIB Biak,Lapas,IIB,Umum,Papua,Kantor Wilayah Ditjenpas Papua,Biak Numfor,,-0.94260305,135.94141931810083,Pusat kota/kabupaten—kandidat,Kandidat pusat wilayah dari dataset geocode administratif,0.95,BIAK NUMFOR,True,Koordinat belum menunjukkan alamat gedung UPT; wajib diperiksa Super Admin.
Lapas Kelas IIB Serui,Lapas,IIB,Umum,Papua,Kantor Wilayah Ditjenpas Papua,Kepulauan Yapen,,-1.7558371,136.36645232326111,Pusat kota/kabupaten—kandidat,Kandidat pusat wilayah dari dataset geocode administratif,0.95,KEPULAUAN YAPEN,True,Koordinat belum menunjukkan alamat gedung UPT; wajib diperiksa Super Admin.
Lapas Narkotika Kelas IIA Jayapura,Lapas,IIA,Narkotika,Papua,Kantor Wilayah Ditjenpas Papua,Jayapura,,-2.5387539,140.7037389,Pusat kota/kabupaten—kandidat,Kandidat pusat wilayah dari dataset geocode administratif,0.88,JAYAPURA,True,Koordinat belum menunjukkan alamat gedung UPT; wajib diperiksa Super Admin.
Lapas Perempuan Kelas III Jayapura,Lapas,III,Perempuan,Papua,Kantor Wilayah Ditjenpas Papua,Jayapura,,-2.5387539,140.7037389,Pusat kota/kabupaten—kandidat,Kandidat pusat wilayah dari dataset geocode administratif,0.88,JAYAPURA,True,Koordinat belum menunjukkan alamat gedung UPT; wajib diperiksa Super Admin.
Lapas Kelas IIB Fakfak,Lapas,IIB,Umum,Papua Barat,Kantor Wilayah Ditjenpas Papua Barat,,,-1.3361,133.1747,Pusat provinsi—perlu verifikasi,Kandidat pusat wilayah dari dataset geocode administratif,0.323,FAKFAK,True,Koordinat belum menunjukkan alamat gedung UPT; wajib diperiksa Super Admin.
Lapas Kelas IIB Manokwari,Lapas,IIB,Umum,Papua Barat,Kantor Wilayah Ditjenpas Papua Barat,Manokwari Selatan,,-1.5250221,134.07102927460716,Pusat kota/kabupaten—kandidat,Kandidat pusat wilayah dari dataset geocode administratif,0.88,MANOKWARI,True,Koordinat belum menunjukkan alamat gedung UPT; wajib diperiksa Super Admin.
Lapas Kelas III Kaimana,Lapas,III,Umum,Papua Barat,Kantor Wilayah Ditjenpas Papua Barat,Kaimana,,-3.51583585,134.3165746374882,Pusat kota/kabupaten—kandidat,Kandidat pusat wilayah dari dataset geocode administratif,0.88,KAIMANA,True,Koordinat belum menunjukkan alamat gedung UPT; wajib diperiksa Super Admin.
Lapas Perempuan Kelas III Manokwari,Lapas,III,Perempuan,Papua Barat,Kantor Wilayah Ditjenpas Papua Barat,Manokwari Selatan,,-1.5250221,134.07102927460716,Pusat kota/kabupaten—kandidat,Kandidat pusat wilayah dari dataset geocode administratif,0.88,MANOKWARI,True,Koordinat belum menunjukkan alamat gedung UPT; wajib diperiksa Super Admin.
Rutan Kelas IIB Bintuni,Rutan,IIB,Umum,Papua Barat,Kantor Wilayah Ditjenpas Papua Barat,Teluk Bintuni,,-2.1138854,133.5287755,Pusat kota/kabupaten—kandidat,Kandidat pusat wilayah dari dataset geocode administratif,0.95,TELUK BINTUNI,True,Koordinat belum menunjukkan alamat gedung UPT; wajib diperiksa Super Admin.
Lapas Kelas IIB Sorong,Lapas,IIB,Umum,Papua Barat Daya,Kantor Wilayah Ditjenpas Papua Barat Daya,Sorong Selatan,,-1.6430519499999998,132.25495264440897,Pusat kota/kabupaten—kandidat,Kandidat pusat wilayah dari dataset geocode administratif,0.88,SORONG,True,Koordinat belum menunjukkan alamat gedung UPT; wajib diperiksa Super Admin.
Lapas Kelas III Teminabuhan,Lapas,III,Umum,Papua Barat Daya,Kantor Wilayah Ditjenpas Papua Barat Daya,Sorong Selatan,,-1.6430519499999998,132.25495264440897,Pusat kota/kabupaten—kandidat,Kandidat pusat wilayah dari dataset geocode administratif,0.95,SORONG SELATAN,True,Koordinat belum menunjukkan alamat gedung UPT; wajib diperiksa Super Admin.
Lapas Kelas IIB Wamena,Lapas,IIB,Umum,Papua Pegunungan,Kantor Wilayah Ditjenpas Papua Pegunungan,Jayawijaya,,-4.1152786500000005,138.9650305928116,Pusat kota/kabupaten—kandidat,Kandidat pusat wilayah dari dataset geocode administratif,0.95,JAYAWIJAYA,True,Koordinat belum menunjukkan alamat gedung UPT; wajib diperiksa Super Admin.
Lapas Kelas IIB Merauke,Lapas,IIB,Umum,Papua Selatan,Kantor Wilayah Ditjenpas Papua Selatan,Merauke,,-7.7925193,140.01832515,Pusat kota/kabupaten—kandidat,Kandidat pusat wilayah dari dataset geocode administratif,0.95,MERAUKE,True,Koordinat belum menunjukkan alamat gedung UPT; wajib diperiksa Super Admin.
Lapas Kelas III Tanah Merah,Lapas,III,Umum,Papua Selatan,Kantor Wilayah Ditjenpas Papua Selatan,Boven Digoel,,-6.1058244,140.3130821,Pusat kota/kabupaten—kandidat,Kandidat pusat wilayah dari dataset geocode administratif,0.95,BOVEN DIGOEL,True,Koordinat belum menunjukkan alamat gedung UPT; wajib diperiksa Super Admin.
Lapas Kelas IIB Nabire,Lapas,IIB,Umum,Papua Tengah,Kantor Wilayah Ditjenpas Papua Tengah,Nabire,,-3.360285,135.5023653,Pusat kota/kabupaten—kandidat,Kandidat pusat wilayah dari dataset geocode administratif,0.95,NABIRE,True,Koordinat belum menunjukkan alamat gedung UPT; wajib diperiksa Super Admin.
Lapas Kelas IIB Timika,Lapas,IIB,Umum,Papua Tengah,Kantor Wilayah Ditjenpas Papua Tengah,Mimika,,-4.5875258500000005,136.94779637745836,Pusat kota/kabupaten—kandidat,Kandidat pusat wilayah dari dataset geocode administratif,0.95,MIMIKA,True,Koordinat belum menunjukkan alamat gedung UPT; wajib diperiksa Super Admin.
Lapas Kelas IIA Bagan Siapi-Api,Lapas,IIA,Umum,Riau,Kantor Wilayah Ditjenpas Riau,Rokan Hilir,,2.1590570500000004,100.68737754944272,Pusat kota/kabupaten—kandidat,Kandidat pusat wilayah dari dataset geocode administratif,0.95,ROKAN HILIR,True,Koordinat belum menunjukkan alamat gedung UPT; wajib diperiksa Super Admin.
Lapas Kelas IIA Bangkinang,Lapas,IIA,Umum,Riau,Kantor Wilayah Ditjenpas Riau,Kampar,,0.31997325,101.06171228401269,Pusat kota/kabupaten—kandidat,Kandidat pusat wilayah dari dataset geocode administratif,0.95,KAMPAR,True,Koordinat belum menunjukkan alamat gedung UPT; wajib diperiksa Super Admin.
Lapas Kelas IIA Bengkalis,Lapas,IIA,Umum,Riau,Kantor Wilayah Ditjenpas Riau,Bengkalis,,1.76972265,101.91243842805495,Pusat kota/kabupaten—kandidat,Kandidat pusat wilayah dari dataset geocode administratif,0.88,BENGKALIS,True,Koordinat belum menunjukkan alamat gedung UPT; wajib diperiksa Super Admin.
Lapas Kelas IIA Pekanbaru,Lapas,IIA,Umum,Riau,Kantor Wilayah Ditjenpas Riau,Kota Pekanbaru,,0.6644968864920274,101.52556718766088,Pusat kota/kabupaten—kandidat,Kandidat pusat wilayah dari dataset geocode administratif,0.88,PEKANBARU,True,Koordinat belum menunjukkan alamat gedung UPT; wajib diperiksa Super Admin.
Lapas Kelas IIA Tembilahan,Lapas,IIA,Umum,Riau,Kantor Wilayah Ditjenpas Riau,Indragiri Hilir,,-0.27088504999999996,103.32845658847006,Pusat kota/kabupaten—kandidat,Kandidat pusat wilayah dari dataset geocode administratif,0.95,INDRAGIRI HILIR,True,Koordinat belum menunjukkan alamat gedung UPT; wajib diperiksa Super Admin.
Lapas Kelas IIB Pasir Pangarayan,Lapas,IIB,Umum,Riau,Kantor Wilayah Ditjenpas Riau,Rokan Hulu,,0.8919457,100.46651555651417,Pusat kota/kabupaten—kandidat,Kandidat pusat wilayah dari dataset geocode administratif,0.95,ROKAN HULU,True,Koordinat belum menunjukkan alamat gedung UPT; wajib diperiksa Super Admin.
Lapas Kelas IIB Selat Panjang,Lapas,IIB,Umum,Riau,Kantor Wilayah Ditjenpas Riau,Kepulauan Meranti,,1.0613049,102.70188216161586,Pusat kota/kabupaten—kandidat,Kandidat pusat wilayah dari dataset geocode administratif,0.95,KEPULAUAN MERANTI,True,Koordinat belum menunjukkan alamat gedung UPT; wajib diperiksa Super Admin.
Lapas Kelas IIB Teluk Kuantan,Lapas,IIB,Umum,Riau,Kantor Wilayah Ditjenpas Riau,Kuantan Singingi,,-0.4937967,101.48973567577298,Pusat kota/kabupaten—kandidat,Kandidat pusat wilayah dari dataset geocode administratif,0.95,KUANTAN SINGINGI,True,Koordinat belum menunjukkan alamat gedung UPT; wajib diperiksa Super Admin.
Lapas Narkotika Kelas IIB Rumbai,Lapas,IIB,Narkotika,Riau,Kantor Wilayah Ditjenpas Riau,Kota Pekanbaru,,0.6644968864920274,101.52556718766088,Pusat kota/kabupaten—kandidat,Kandidat pusat wilayah dari dataset geocode administratif,0.95,PEKANBARU,True,Koordinat belum menunjukkan alamat gedung UPT; wajib diperiksa Super Admin.
Lapas Perempuan Kelas IIA Pekanbaru,Lapas,IIA,Perempuan,Riau,Kantor Wilayah Ditjenpas Riau,Kota Pekanbaru,,0.6644968864920274,101.52556718766088,Pusat kota/kabupaten—kandidat,Kandidat pusat wilayah dari dataset geocode administratif,0.88,PEKANBARU,True,Koordinat belum menunjukkan alamat gedung UPT; wajib diperiksa Super Admin.
Lapas Terbuka Kelas III Rumbai,Lapas,III,Terbuka,Riau,Kantor Wilayah Ditjenpas Riau,Kota Pekanbaru,,0.6644968864920274,101.52556718766088,Pusat kota/kabupaten—kandidat,Kandidat pusat wilayah dari dataset geocode administratif,0.95,PEKANBARU,True,Koordinat belum menunjukkan alamat gedung UPT; wajib diperiksa Super Admin.
Rutan Kelas I Pekanbaru,Rutan,I,Umum,Riau,Kantor Wilayah Ditjenpas Riau,Kota Pekanbaru,,0.6644968864920274,101.52556718766088,Pusat kota/kabupaten—kandidat,Kandidat pusat wilayah dari dataset geocode administratif,0.88,PEKANBARU,True,Koordinat belum menunjukkan alamat gedung UPT; wajib diperiksa Super Admin.
Rutan Kelas IIB Dumai,Rutan,IIB,Umum,Riau,Kantor Wilayah Ditjenpas Riau,Kota Dumai,,1.647571565916413,101.43834434470183,Pusat kota/kabupaten—kandidat,Kandidat pusat wilayah dari dataset geocode administratif,0.88,DUMAI,True,Koordinat belum menunjukkan alamat gedung UPT; wajib diperiksa Super Admin.
Rutan Kelas IIB Rengat,Rutan,IIB,Umum,Riau,Kantor Wilayah Ditjenpas Riau,Indragiri Hulu,,-0.49789785,102.30081355340818,Pusat kota/kabupaten—kandidat,Kandidat pusat wilayah dari dataset geocode administratif,0.95,INDRAGIRI HULU,True,Koordinat belum menunjukkan alamat gedung UPT; wajib diperiksa Super Admin.
Rutan Kelas IIB Siak Sri Indrapura,Rutan,IIB,Umum,Riau,Kantor Wilayah Ditjenpas Riau,Siak,,0.8275337,101.84619364844389,Pusat kota/kabupaten—kandidat,Kandidat pusat wilayah dari dataset geocode administratif,0.95,SIAK,True,Koordinat belum menunjukkan alamat gedung UPT; wajib diperiksa Super Admin.
Lapas Kelas IIB Polewali,Lapas,IIB,Umum,Sulawesi Barat,Kantor Wilayah Ditjenpas Sulawesi Barat,Polewali Mandar,,-3.3031896,119.1450522025905,Pusat kota/kabupaten—kandidat,Kandidat pusat wilayah dari dataset geocode administratif,0.88,POLEWALI,True,Koordinat belum menunjukkan alamat gedung UPT; wajib diperiksa Super Admin.
Lapas Kelas III Mamasa,Lapas,III,Umum,Sulawesi Barat,Kantor Wilayah Ditjenpas Sulawesi Barat,Mamasa,,-3.0003659000000003,119.32090868335239,Pusat kota/kabupaten—kandidat,Kandidat pusat wilayah dari dataset geocode administratif,0.88,MAMASA,True,Koordinat belum menunjukkan alamat gedung UPT; wajib diperiksa Super Admin.
Lapas Perempuan Kelas III Mamuju,Lapas,III,Perempuan,Sulawesi Barat,Kantor Wilayah Ditjenpas Sulawesi Barat,Pasangkayu (Mamuju Utara),,-1.1807281,119.3673413,Pusat kota/kabupaten—kandidat,Kandidat pusat wilayah dari dataset geocode administratif,0.88,MAMUJU,True,Koordinat belum menunjukkan alamat gedung UPT; wajib diperiksa Super Admin.
Rutan Kelas IIB Majene,Rutan,IIB,Umum,Sulawesi Barat,Kantor Wilayah Ditjenpas Sulawesi Barat,Majene,,-3.5459286,118.9607438,Pusat kota/kabupaten—kandidat,Kandidat pusat wilayah dari dataset geocode administratif,0.88,MAJENE,True,Koordinat belum menunjukkan alamat gedung UPT; wajib diperiksa Super Admin.
Rutan Kelas IIB Mamuju,Rutan,IIB,Umum,Sulawesi Barat,Kantor Wilayah Ditjenpas Sulawesi Barat,Pasangkayu (Mamuju Utara),,-1.1807281,119.3673413,Pusat kota/kabupaten—kandidat,Kandidat pusat wilayah dari dataset geocode administratif,0.88,MAMUJU,True,Koordinat belum menunjukkan alamat gedung UPT; wajib diperiksa Super Admin.
Rutan Kelas IIB Pasangkayu,Rutan,IIB,Umum,Sulawesi Barat,Kantor Wilayah Ditjenpas Sulawesi Barat,Pasangkayu (Mamuju Utara),,-1.1807281,119.3673413,Pusat kota/kabupaten—kandidat,Kandidat pusat wilayah dari dataset geocode administratif,0.88,PASANGKAYU,True,Koordinat belum menunjukkan alamat gedung UPT; wajib diperiksa Super Admin.
Lapas Kelas I Makassar,Lapas,I,Umum,Sulawesi Selatan,Kantor Wilayah Ditjenpas Sulawesi Selatan,Kota Makassar,,-5.148638100532889,119.2647054069102,Pusat kota/kabupaten—kandidat,Kandidat pusat wilayah dari dataset geocode administratif,0.88,MAKASSAR,True,Koordinat belum menunjukkan alamat gedung UPT; wajib diperiksa Super Admin.
Lapas Kelas IIA Bulukumba,Lapas,IIA,Umum,Sulawesi Selatan,Kantor Wilayah Ditjenpas Sulawesi Selatan,Bulukumba,,-5.454614749999999,120.24521845116135,Pusat kota/kabupaten—kandidat,Kandidat pusat wilayah dari dataset geocode administratif,0.88,BULUKUMBA,True,Koordinat belum menunjukkan alamat gedung UPT; wajib diperiksa Super Admin.
Lapas Kelas IIA Palopo,Lapas,IIA,Umum,Sulawesi Selatan,Kantor Wilayah Ditjenpas Sulawesi Selatan,Kota Palopo,,-2.9338960889263883,120.17713172584595,Pusat kota/kabupaten—kandidat,Kandidat pusat wilayah dari dataset geocode administratif,0.88,PALOPO,True,Koordinat belum menunjukkan alamat gedung UPT; wajib diperiksa Super Admin.
Lapas Kelas IIA Pare-Pare,Lapas,IIA,Umum,Sulawesi Selatan,Kantor Wilayah Ditjenpas Sulawesi Selatan,,,-3.6688,119.9741,Pusat provinsi—perlu verifikasi,Kandidat pusat wilayah dari dataset geocode administratif,0.329,PAREPARE,True,Koordinat belum menunjukkan alamat gedung UPT; wajib diperiksa Super Admin.
Lapas Kelas IIA Watampone,Lapas,IIA,Umum,Sulawesi Selatan,Kantor Wilayah Ditjenpas Sulawesi Selatan,Bone,,-4.680101799999999,120.09467349780329,Pusat kota/kabupaten—kandidat,Kandidat pusat wilayah dari dataset geocode administratif,0.95,BONE,True,Koordinat belum menunjukkan alamat gedung UPT; wajib diperiksa Super Admin.
Lapas Kelas IIB Takalar,Lapas,IIB,Umum,Sulawesi Selatan,Kantor Wilayah Ditjenpas Sulawesi Selatan,Takalar,,-5.40665405,119.53754170286852,Pusat kota/kabupaten—kandidat,Kandidat pusat wilayah dari dataset geocode administratif,0.88,TAKALAR,True,Koordinat belum menunjukkan alamat gedung UPT; wajib diperiksa Super Admin.
Lapas Narkotika Kelas IIA Sungguminasa,Lapas,IIA,Narkotika,Sulawesi Selatan,Kantor Wilayah Ditjenpas Sulawesi Selatan,Gowa,,-5.3290868,119.76602766629097,Pusat kota/kabupaten—kandidat,Kandidat pusat wilayah dari dataset geocode administratif,0.95,GOWA,True,Koordinat belum menunjukkan alamat gedung UPT; wajib diperiksa Super Admin.
Lapas Perempuan Kelas IIA Sungguminasa,Lapas,IIA,Perempuan,Sulawesi Selatan,Kantor Wilayah Ditjenpas Sulawesi Selatan,Gowa,,-5.3290868,119.76602766629097,Pusat kota/kabupaten—kandidat,Kandidat pusat wilayah dari dataset geocode administratif,0.95,GOWA,True,Koordinat belum menunjukkan alamat gedung UPT; wajib diperiksa Super Admin.
Rutan Kelas I Makassar,Rutan,I,Umum,Sulawesi Selatan,Kantor Wilayah Ditjenpas Sulawesi Selatan,Kota Makassar,,-5.148638100532889,119.2647054069102,Pusat kota/kabupaten—kandidat,Kandidat pusat wilayah dari dataset geocode administratif,0.88,MAKASSAR,True,Koordinat belum menunjukkan alamat gedung UPT; wajib diperiksa Super Admin.
Rutan Kelas IIB Bantaeng,Rutan,IIB,Umum,Sulawesi Selatan,Kantor Wilayah Ditjenpas Sulawesi Selatan,Bantaeng,,-5.47094485,119.9871679049646,Pusat kota/kabupaten—kandidat,Kandidat pusat wilayah dari dataset geocode administratif,0.88,BANTAENG,True,Koordinat belum menunjukkan alamat gedung UPT; wajib diperiksa Super Admin.
Rutan Kelas IIB Barru,Rutan,IIB,Umum,Sulawesi Selatan,Kantor Wilayah Ditjenpas Sulawesi Selatan,Barru,,-4.4337339,119.67782733955559,Pusat kota/kabupaten—kandidat,Kandidat pusat wilayah dari dataset geocode administratif,0.88,BARRU,True,Koordinat belum menunjukkan alamat gedung UPT; wajib diperiksa Super Admin.
Rutan Kelas IIB Enrekang,Rutan,IIB,Umum,Sulawesi Selatan,Kantor Wilayah Ditjenpas Sulawesi Selatan,Enrekang,,-3.5657184,119.7724109,Pusat kota/kabupaten—kandidat,Kandidat pusat wilayah dari dataset geocode administratif,0.88,ENREKANG,True,Koordinat belum menunjukkan alamat gedung UPT; wajib diperiksa Super Admin.
Rutan Kelas IIB Jeneponto,Rutan,IIB,Umum,Sulawesi Selatan,Kantor Wilayah Ditjenpas Sulawesi Selatan,Jeneponto,,-5.5444892,119.6119732151142,Pusat kota/kabupaten—kandidat,Kandidat pusat wilayah dari dataset geocode administratif,0.88,JENEPONTO,True,Koordinat belum menunjukkan alamat gedung UPT; wajib diperiksa Super Admin.
Rutan Kelas IIB Makale,Rutan,IIB,Umum,Sulawesi Selatan,Kantor Wilayah Ditjenpas Sulawesi Selatan,Tana Toraja,,-3.1169403,119.6937644,Pusat kota/kabupaten—kandidat,Kandidat pusat wilayah dari dataset geocode administratif,0.95,TANA TORAJA,True,Koordinat belum menunjukkan alamat gedung UPT; wajib diperiksa Super Admin.
Rutan Kelas IIB Malino,Rutan,IIB,Umum,Sulawesi Selatan,Kantor Wilayah Ditjenpas Sulawesi Selatan,Gowa,,-5.3290868,119.76602766629097,Pusat kota/kabupaten—kandidat,Kandidat pusat wilayah dari dataset geocode administratif,0.95,GOWA,True,Koordinat belum menunjukkan alamat gedung UPT; wajib diperiksa Super Admin.
Rutan Kelas IIB Masamba,Rutan,IIB,Umum,Sulawesi Selatan,Kantor Wilayah Ditjenpas Sulawesi Selatan,Luwu Utara,,-2.40378845,120.1301346732941,Pusat kota/kabupaten—kandidat,Kandidat pusat wilayah dari dataset geocode administratif,0.95,LUWU UTARA,True,Koordinat belum menunjukkan alamat gedung UPT; wajib diperiksa Super Admin.
Rutan Kelas IIB Pangkajene,Rutan,IIB,Umum,Sulawesi Selatan,Kantor Wilayah Ditjenpas Sulawesi Selatan,Pangkajene Kepulauan,,-4.75444955,119.58931052015694,Pusat kota/kabupaten—kandidat,Kandidat pusat wilayah dari dataset geocode administratif,0.752,PANGKAJENE DAN KEPULAUAN,True,Koordinat belum menunjukkan alamat gedung UPT; wajib diperiksa Super Admin.
Rutan Kelas IIB Pinrang,Rutan,IIB,Umum,Sulawesi Selatan,Kantor Wilayah Ditjenpas Sulawesi Selatan,Pinrang,,-3.7932568,119.6528692,Pusat kota/kabupaten—kandidat,Kandidat pusat wilayah dari dataset geocode administratif,0.88,PINRANG,True,Koordinat belum menunjukkan alamat gedung UPT; wajib diperiksa Super Admin.
Rutan Kelas IIB Selayar,Rutan,IIB,Umum,Sulawesi Selatan,Kantor Wilayah Ditjenpas Sulawesi Selatan,Kepulauan Selayar,,-7.295818199999999,120.95049891266034,Pusat kota/kabupaten—kandidat,Kandidat pusat wilayah dari dataset geocode administratif,0.88,SELAYAR,True,Koordinat belum menunjukkan alamat gedung UPT; wajib diperiksa Super Admin.
Rutan Kelas IIB Sengkang,Rutan,IIB,Umum,Sulawesi Selatan,Kantor Wilayah Ditjenpas Sulawesi Selatan,Wajo,,-3.9655767500000003,120.12793772214954,Pusat kota/kabupaten—kandidat,Kandidat pusat wilayah dari dataset geocode administratif,0.95,WAJO,True,Koordinat belum menunjukkan alamat gedung UPT; wajib diperiksa Super Admin.
Rutan Kelas IIB Sidenreng Rapang,Rutan,IIB,Umum,Sulawesi Selatan,Kantor Wilayah Ditjenpas Sulawesi Selatan,Sidenreng Rappang,,-3.80786185,120.04501889535373,Pusat kota/kabupaten—kandidat,Kandidat pusat wilayah dari dataset geocode administratif,0.95,SIDENRENG RAPPANG,True,Koordinat belum menunjukkan alamat gedung UPT; wajib diperiksa Super Admin.
Rutan Kelas IIB Sinjai,Rutan,IIB,Umum,Sulawesi Selatan,Kantor Wilayah Ditjenpas Sulawesi Selatan,Sinjai,,-5.2006665000000005,120.14418652445201,Pusat kota/kabupaten—kandidat,Kandidat pusat wilayah dari dataset geocode administratif,0.88,SINJAI,True,Koordinat belum menunjukkan alamat gedung UPT; wajib diperiksa Super Admin.
Rutan Kelas IIB Watansoppeng,Rutan,IIB,Umum,Sulawesi Selatan,Kantor Wilayah Ditjenpas Sulawesi Selatan,Soppeng,,-4.318869599999999,119.91850620500955,Pusat kota/kabupaten—kandidat,Kandidat pusat wilayah dari dataset geocode administratif,0.95,SOPPENG,True,Koordinat belum menunjukkan alamat gedung UPT; wajib diperiksa Super Admin.
Lapas Kelas IIA Palu,Lapas,IIA,Umum,Sulawesi Tengah,Kantor Wilayah Ditjenpas Sulawesi Tengah,Kota Palu,,-0.8818095309080598,119.8860740181676,Pusat kota/kabupaten—kandidat,Kandidat pusat wilayah dari dataset geocode administratif,0.88,PALU,True,Koordinat belum menunjukkan alamat gedung UPT; wajib diperiksa Super Admin.
Lapas Kelas IIB Ampana,Lapas,IIB,Umum,Sulawesi Tengah,Kantor Wilayah Ditjenpas Sulawesi Tengah,Tojo Una Una,,-1.21313785,121.61960745763055,Pusat kota/kabupaten—kandidat,Kandidat pusat wilayah dari dataset geocode administratif,0.95,TOJO UNA UNA,True,Koordinat belum menunjukkan alamat gedung UPT; wajib diperiksa Super Admin.
Lapas Kelas IIB Luwuk,Lapas,IIB,Umum,Sulawesi Tengah,Kantor Wilayah Ditjenpas Sulawesi Tengah,Banggai Kepulauan,,-1.3518454,123.1808567,Pusat kota/kabupaten—kandidat,Kandidat pusat wilayah dari dataset geocode administratif,0.95,BANGGAI,True,Koordinat belum menunjukkan alamat gedung UPT; wajib diperiksa Super Admin.
Lapas Kelas IIB Toli-Toli,Lapas,IIB,Umum,Sulawesi Tengah,Kantor Wilayah Ditjenpas Sulawesi Tengah,Toli Toli,,0.9702508000000001,120.88032300140603,Pusat kota/kabupaten—kandidat,Kandidat pusat wilayah dari dataset geocode administratif,0.88,TOLI TOLI,True,Koordinat belum menunjukkan alamat gedung UPT; wajib diperiksa Super Admin.
Lapas Kelas III Kolonedale,Lapas,III,Umum,Sulawesi Tengah,Kantor Wilayah Ditjenpas Sulawesi Tengah,Morowali Utara,,-1.8418842,121.07716959122936,Pusat kota/kabupaten—kandidat,Kandidat pusat wilayah dari dataset geocode administratif,0.95,MOROWALI UTARA,True,Koordinat belum menunjukkan alamat gedung UPT; wajib diperiksa Super Admin.
Lapas Kelas III Leok,Lapas,III,Umum,Sulawesi Tengah,Kantor Wilayah Ditjenpas Sulawesi Tengah,Buol,,1.0123735,121.3120524,Pusat kota/kabupaten—kandidat,Kandidat pusat wilayah dari dataset geocode administratif,0.95,BUOL,True,Koordinat belum menunjukkan alamat gedung UPT; wajib diperiksa Super Admin.
Lapas Kelas III Parigi,Lapas,III,Umum,Sulawesi Tengah,Kantor Wilayah Ditjenpas Sulawesi Tengah,Parigi Moutong,,-0.23836055,119.95993110540971,Pusat kota/kabupaten—kandidat,Kandidat pusat wilayah dari dataset geocode administratif,0.88,PARIGI,True,Koordinat belum menunjukkan alamat gedung UPT; wajib diperiksa Super Admin.
Lapas Perempuan Kelas III Palu,Lapas,III,Perempuan,Sulawesi Tengah,Kantor Wilayah Ditjenpas Sulawesi Tengah,Kota Palu,,-0.8818095309080598,119.8860740181676,Pusat kota/kabupaten—kandidat,Kandidat pusat wilayah dari dataset geocode administratif,0.88,PALU,True,Koordinat belum menunjukkan alamat gedung UPT; wajib diperiksa Super Admin.
Rutan Kelas IIA Palu,Rutan,IIA,Umum,Sulawesi Tengah,Kantor Wilayah Ditjenpas Sulawesi Tengah,Kota Palu,,-0.8818095309080598,119.8860740181676,Pusat kota/kabupaten—kandidat,Kandidat pusat wilayah dari dataset geocode administratif,0.88,PALU,True,Koordinat belum menunjukkan alamat gedung UPT; wajib diperiksa Super Admin.
Rutan Kelas IIB Donggala,Rutan,IIB,Umum,Sulawesi Tengah,Kantor Wilayah Ditjenpas Sulawesi Tengah,Donggala,,-1.04782015,119.67584652002927,Pusat kota/kabupaten—kandidat,Kandidat pusat wilayah dari dataset geocode administratif,0.88,DONGGALA,True,Koordinat belum menunjukkan alamat gedung UPT; wajib diperiksa Super Admin.
Rutan Kelas IIB Poso,Rutan,IIB,Umum,Sulawesi Tengah,Kantor Wilayah Ditjenpas Sulawesi Tengah,Poso,,-1.6568513,120.5421575,Pusat kota/kabupaten—kandidat,Kandidat pusat wilayah dari dataset geocode administratif,0.88,POSO,True,Koordinat belum menunjukkan alamat gedung UPT; wajib diperiksa Super Admin.
Lapas Kelas IIA Baubau,Lapas,IIA,Umum,Sulawesi Tenggara,Kantor Wilayah Ditjenpas Sulawesi Tenggara,Kota Bau Bau,,-5.45803665160482,122.60198032849547,Pusat kota/kabupaten—kandidat,Kandidat pusat wilayah dari dataset geocode administratif,0.95,BAU BAU,True,Koordinat belum menunjukkan alamat gedung UPT; wajib diperiksa Super Admin.
Lapas Kelas IIA Kendari,Lapas,IIA,Umum,Sulawesi Tenggara,Kantor Wilayah Ditjenpas Sulawesi Tenggara,Kota Kendari,,-4.003435859819829,122.5156089188261,Pusat kota/kabupaten—kandidat,Kandidat pusat wilayah dari dataset geocode administratif,0.88,KENDARI,True,Koordinat belum menunjukkan alamat gedung UPT; wajib diperiksa Super Admin.
Lapas Perempuan Kelas III Kendari,Lapas,III,Perempuan,Sulawesi Tenggara,Kantor Wilayah Ditjenpas Sulawesi Tenggara,Kota Kendari,,-4.003435859819829,122.5156089188261,Pusat kota/kabupaten—kandidat,Kandidat pusat wilayah dari dataset geocode administratif,0.88,KENDARI,True,Koordinat belum menunjukkan alamat gedung UPT; wajib diperiksa Super Admin.
Rutan Kelas IIA Kendari,Rutan,IIA,Umum,Sulawesi Tenggara,Kantor Wilayah Ditjenpas Sulawesi Tenggara,Kota Kendari,,-4.003435859819829,122.5156089188261,Pusat kota/kabupaten—kandidat,Kandidat pusat wilayah dari dataset geocode administratif,0.88,KENDARI,True,Koordinat belum menunjukkan alamat gedung UPT; wajib diperiksa Super Admin.
Rutan Kelas IIB Kolaka,Rutan,IIB,Umum,Sulawesi Tenggara,Kantor Wilayah Ditjenpas Sulawesi Tenggara,Kolaka Utara,,-3.2605039,121.09339837246316,Pusat kota/kabupaten—kandidat,Kandidat pusat wilayah dari dataset geocode administratif,0.88,KOLAKA,True,Koordinat belum menunjukkan alamat gedung UPT; wajib diperiksa Super Admin.
Rutan Kelas IIB Raha,Rutan,IIB,Umum,Sulawesi Tenggara,Kantor Wilayah Ditjenpas Sulawesi Tenggara,Muna Barat,,-4.803671250000001,122.45145451148004,Pusat kota/kabupaten—kandidat,Kandidat pusat wilayah dari dataset geocode administratif,0.95,MUNA,True,Koordinat belum menunjukkan alamat gedung UPT; wajib diperiksa Super Admin.
Rutan Kelas IIB Unaaha,Rutan,IIB,Umum,Sulawesi Tenggara,Kantor Wilayah Ditjenpas Sulawesi Tenggara,Konawe Kepulauan,,-4.1194809,123.09856387058304,Pusat kota/kabupaten—kandidat,Kandidat pusat wilayah dari dataset geocode administratif,0.95,KONAWE,True,Koordinat belum menunjukkan alamat gedung UPT; wajib diperiksa Super Admin.
Lapas Kelas IIA Manado,Lapas,IIA,Umum,Sulawesi Utara,Kantor Wilayah Ditjenpas Sulawesi Utara,Kota Manado,,1.4874580703608735,124.85625449689701,Pusat kota/kabupaten—kandidat,Kandidat pusat wilayah dari dataset geocode administratif,0.88,MANADO,True,Koordinat belum menunjukkan alamat gedung UPT; wajib diperiksa Super Admin.
Lapas Kelas IIB Bitung,Lapas,IIB,Umum,Sulawesi Utara,Kantor Wilayah Ditjenpas Sulawesi Utara,Kota Bitung,,1.4625993206592116,125.24291906696544,Pusat kota/kabupaten—kandidat,Kandidat pusat wilayah dari dataset geocode administratif,0.88,BITUNG,True,Koordinat belum menunjukkan alamat gedung UPT; wajib diperiksa Super Admin.
Lapas Kelas IIB Tahuna,Lapas,IIB,Umum,Sulawesi Utara,Kantor Wilayah Ditjenpas Sulawesi Utara,Kepulauan Sangihe,,3.5527078999999997,125.54656453706113,Pusat kota/kabupaten—kandidat,Kandidat pusat wilayah dari dataset geocode administratif,0.95,KEPULAUAN SANGIHE,True,Koordinat belum menunjukkan alamat gedung UPT; wajib diperiksa Super Admin.
Lapas Kelas IIB Tondano,Lapas,IIB,Umum,Sulawesi Utara,Kantor Wilayah Ditjenpas Sulawesi Utara,Minahasa Tenggara,,0.98826725,124.7306505503255,Pusat kota/kabupaten—kandidat,Kandidat pusat wilayah dari dataset geocode administratif,0.95,MINAHASA,True,Koordinat belum menunjukkan alamat gedung UPT; wajib diperiksa Super Admin.
Lapas Kelas IIB Ulu Siau,Lapas,IIB,Umum,Sulawesi Utara,Kantor Wilayah Ditjenpas Sulawesi Utara,,,0.6247,123.975,Pusat provinsi—perlu verifikasi,Kandidat pusat wilayah dari dataset geocode administratif,0.344,KEPULAUAN SIAU TAGULANDANG BIARO,True,Koordinat belum menunjukkan alamat gedung UPT; wajib diperiksa Super Admin.
Lapas Kelas III Amurang,Lapas,III,Umum,Sulawesi Utara,Kantor Wilayah Ditjenpas Sulawesi Utara,Minahasa Selatan,,1.07031,124.43616224074206,Pusat kota/kabupaten—kandidat,Kandidat pusat wilayah dari dataset geocode administratif,0.95,MINAHASA SELATAN,True,Koordinat belum menunjukkan alamat gedung UPT; wajib diperiksa Super Admin.
Lapas Kelas III Enemawira,Lapas,III,Umum,Sulawesi Utara,Kantor Wilayah Ditjenpas Sulawesi Utara,Kepulauan Sangihe,,3.5527078999999997,125.54656453706113,Pusat kota/kabupaten—kandidat,Kandidat pusat wilayah dari dataset geocode administratif,0.95,KEPULAUAN SANGIHE,True,Koordinat belum menunjukkan alamat gedung UPT; wajib diperiksa Super Admin.
Lapas Kelas III Lirung,Lapas,III,Umum,Sulawesi Utara,Kantor Wilayah Ditjenpas Sulawesi Utara,Kepulauan Talaud,,4.2694929,126.81354994457188,Pusat kota/kabupaten—kandidat,Kandidat pusat wilayah dari dataset geocode administratif,0.95,KEPULAUAN TALAUD,True,Koordinat belum menunjukkan alamat gedung UPT; wajib diperiksa Super Admin.
Lapas Kelas III Tagulandang,Lapas,III,Umum,Sulawesi Utara,Kantor Wilayah Ditjenpas Sulawesi Utara,,,0.6247,123.975,Pusat provinsi—perlu verifikasi,Kandidat pusat wilayah dari dataset geocode administratif,0.344,KEPULAUAN SIAU TAGULANDANG BIARO,True,Koordinat belum menunjukkan alamat gedung UPT; wajib diperiksa Super Admin.
Lapas Kelas III Tamako,Lapas,III,Umum,Sulawesi Utara,Kantor Wilayah Ditjenpas Sulawesi Utara,Kepulauan Sangihe,,3.5527078999999997,125.54656453706113,Pusat kota/kabupaten—kandidat,Kandidat pusat wilayah dari dataset geocode administratif,0.95,KEPULAUAN SANGIHE,True,Koordinat belum menunjukkan alamat gedung UPT; wajib diperiksa Super Admin.
Lapas Perempuan Kelas IIB Manado,Lapas,IIB,Perempuan,Sulawesi Utara,Kantor Wilayah Ditjenpas Sulawesi Utara,Kota Manado,,1.4874580703608735,124.85625449689701,Pusat kota/kabupaten—kandidat,Kandidat pusat wilayah dari dataset geocode administratif,0.88,MANADO,True,Koordinat belum menunjukkan alamat gedung UPT; wajib diperiksa Super Admin.
Rutan Kelas IIA Manado,Rutan,IIA,Umum,Sulawesi Utara,Kantor Wilayah Ditjenpas Sulawesi Utara,Kota Manado,,1.4874580703608735,124.85625449689701,Pusat kota/kabupaten—kandidat,Kandidat pusat wilayah dari dataset geocode administratif,0.88,MANADO,True,Koordinat belum menunjukkan alamat gedung UPT; wajib diperiksa Super Admin.
Rutan Kelas IIB Kotamobagu,Rutan,IIB,Umum,Sulawesi Utara,Kantor Wilayah Ditjenpas Sulawesi Utara,Kota Kotamobagu,,0.7336569093455327,124.27507727447404,Pusat kota/kabupaten—kandidat,Kandidat pusat wilayah dari dataset geocode administratif,0.88,KOTAMOBAGU,True,Koordinat belum menunjukkan alamat gedung UPT; wajib diperiksa Super Admin.
Lapas Kelas IIA Bukittinggi,Lapas,IIA,Umum,Sumatera Barat,Kantor Wilayah Ditjenpas Sumatera Barat,Kota Bukittinggi,,-0.3080290473928087,100.3963205570485,Pusat kota/kabupaten—kandidat,Kandidat pusat wilayah dari dataset geocode administratif,0.88,BUKITTINGGI,True,Koordinat belum menunjukkan alamat gedung UPT; wajib diperiksa Super Admin.
Lapas Kelas IIA Padang,Lapas,IIA,Umum,Sumatera Barat,Kantor Wilayah Ditjenpas Sumatera Barat,Padang Pariaman,,-0.56909175,100.27702620276852,Pusat kota/kabupaten—kandidat,Kandidat pusat wilayah dari dataset geocode administratif,0.88,PADANG,True,Koordinat belum menunjukkan alamat gedung UPT; wajib diperiksa Super Admin.
Lapas Kelas IIB Lubuk Basung,Lapas,IIB,Umum,Sumatera Barat,Kantor Wilayah Ditjenpas Sumatera Barat,Agam,,-0.2547205,100.17003113862154,Pusat kota/kabupaten—kandidat,Kandidat pusat wilayah dari dataset geocode administratif,0.95,AGAM,True,Koordinat belum menunjukkan alamat gedung UPT; wajib diperiksa Super Admin.
Lapas Kelas IIB Muara Sijunjung,Lapas,IIB,Umum,Sumatera Barat,Kantor Wilayah Ditjenpas Sumatera Barat,Sijunjung,,-0.6964425,100.9936303,Pusat kota/kabupaten—kandidat,Kandidat pusat wilayah dari dataset geocode administratif,0.88,MUARA SIJUNJUNG,True,Koordinat belum menunjukkan alamat gedung UPT; wajib diperiksa Super Admin.
Lapas Kelas IIB Pariaman,Lapas,IIB,Umum,Sumatera Barat,Kantor Wilayah Ditjenpas Sumatera Barat,Padang Pariaman,,-0.56909175,100.27702620276852,Pusat kota/kabupaten—kandidat,Kandidat pusat wilayah dari dataset geocode administratif,0.88,PARIAMAN,True,Koordinat belum menunjukkan alamat gedung UPT; wajib diperiksa Super Admin.
Lapas Kelas IIB Payakumbuh,Lapas,IIB,Umum,Sumatera Barat,Kantor Wilayah Ditjenpas Sumatera Barat,Kota Payakumbuh,,-0.24775188534394676,100.6349314057114,Pusat kota/kabupaten—kandidat,Kandidat pusat wilayah dari dataset geocode administratif,0.88,PAYAKUMBUH,True,Koordinat belum menunjukkan alamat gedung UPT; wajib diperiksa Super Admin.
Lapas Kelas IIB Solok,Lapas,IIB,Umum,Sumatera Barat,Kantor Wilayah Ditjenpas Sumatera Barat,Solok Selatan,,-1.5573292,101.239478,Pusat kota/kabupaten—kandidat,Kandidat pusat wilayah dari dataset geocode administratif,0.88,SOLOK,True,Koordinat belum menunjukkan alamat gedung UPT; wajib diperiksa Super Admin.
Lapas Kelas III Alahan Panjang,Lapas,III,Umum,Sumatera Barat,Kantor Wilayah Ditjenpas Sumatera Barat,Solok Selatan,,-1.5573292,101.239478,Pusat kota/kabupaten—kandidat,Kandidat pusat wilayah dari dataset geocode administratif,0.95,SOLOK,True,Koordinat belum menunjukkan alamat gedung UPT; wajib diperiksa Super Admin.
Lapas Kelas III Dharmasraya,Lapas,III,Umum,Sumatera Barat,Kantor Wilayah Ditjenpas Sumatera Barat,Dharmasraya,,-1.2586300000000001,101.5799056323597,Pusat kota/kabupaten—kandidat,Kandidat pusat wilayah dari dataset geocode administratif,0.88,DHARMASRAYA,True,Koordinat belum menunjukkan alamat gedung UPT; wajib diperiksa Super Admin.
Lapas Kelas III Suliki,Lapas,III,Umum,Sumatera Barat,Kantor Wilayah Ditjenpas Sumatera Barat,Lima Puluh Kota,,0.02785495,100.59130824831114,Pusat kota/kabupaten—kandidat,Kandidat pusat wilayah dari dataset geocode administratif,0.95,LIMA PULUH KOTA,True,Koordinat belum menunjukkan alamat gedung UPT; wajib diperiksa Super Admin.
Lapas Kelas III Talu,Lapas,III,Umum,Sumatera Barat,Kantor Wilayah Ditjenpas Sumatera Barat,Pasaman Barat,,0.18753815000000001,99.69351567782829,Pusat kota/kabupaten—kandidat,Kandidat pusat wilayah dari dataset geocode administratif,0.95,PASAMAN BARAT,True,Koordinat belum menunjukkan alamat gedung UPT; wajib diperiksa Super Admin.
Lapas Narkotika Kelas III Sawahlunto,Lapas,III,Narkotika,Sumatera Barat,Kantor Wilayah Ditjenpas Sumatera Barat,Kota Sawahlunto,,-0.6383044738023462,100.78368525453901,Pusat kota/kabupaten—kandidat,Kandidat pusat wilayah dari dataset geocode administratif,0.88,SAWAHLUNTO,True,Koordinat belum menunjukkan alamat gedung UPT; wajib diperiksa Super Admin.
Lapas Perempuan Kelas IIB Padang,Lapas,IIB,Perempuan,Sumatera Barat,Kantor Wilayah Ditjenpas Sumatera Barat,Padang Pariaman,,-0.56909175,100.27702620276852,Pusat kota/kabupaten—kandidat,Kandidat pusat wilayah dari dataset geocode administratif,0.88,PADANG,True,Koordinat belum menunjukkan alamat gedung UPT; wajib diperiksa Super Admin.
Lapas Terbuka Kelas IIB Pasaman,Lapas,IIB,Terbuka,Sumatera Barat,Kantor Wilayah Ditjenpas Sumatera Barat,Pasaman Barat,,0.18753815000000001,99.69351567782829,Pusat kota/kabupaten—kandidat,Kandidat pusat wilayah dari dataset geocode administratif,0.88,PASAMAN,True,Koordinat belum menunjukkan alamat gedung UPT; wajib diperiksa Super Admin.
Rutan Kelas IIB Batusangkar,Rutan,IIB,Umum,Sumatera Barat,Kantor Wilayah Ditjenpas Sumatera Barat,Tanah Datar,,-0.46899599999999997,100.6361603130247,Pusat kota/kabupaten—kandidat,Kandidat pusat wilayah dari dataset geocode administratif,0.95,TANAH DATAR,True,Koordinat belum menunjukkan alamat gedung UPT; wajib diperiksa Super Admin.
Rutan Kelas IIB Lubuk Sikaping,Rutan,IIB,Umum,Sumatera Barat,Kantor Wilayah Ditjenpas Sumatera Barat,Pasaman Barat,,0.18753815000000001,99.69351567782829,Pusat kota/kabupaten—kandidat,Kandidat pusat wilayah dari dataset geocode administratif,0.95,PASAMAN,True,Koordinat belum menunjukkan alamat gedung UPT; wajib diperiksa Super Admin.
Rutan Kelas IIB Maninjau,Rutan,IIB,Umum,Sumatera Barat,Kantor Wilayah Ditjenpas Sumatera Barat,Agam,,-0.2547205,100.17003113862154,Pusat kota/kabupaten—kandidat,Kandidat pusat wilayah dari dataset geocode administratif,0.95,AGAM,True,Koordinat belum menunjukkan alamat gedung UPT; wajib diperiksa Super Admin.
Rutan Kelas IIB Muara Labuh,Rutan,IIB,Umum,Sumatera Barat,Kantor Wilayah Ditjenpas Sumatera Barat,Solok Selatan,,-1.5573292,101.239478,Pusat kota/kabupaten—kandidat,Kandidat pusat wilayah dari dataset geocode administratif,0.95,SOLOK SELATAN,True,Koordinat belum menunjukkan alamat gedung UPT; wajib diperiksa Super Admin.
Rutan Kelas IIB Padang,Rutan,IIB,Umum,Sumatera Barat,Kantor Wilayah Ditjenpas Sumatera Barat,Padang Pariaman,,-0.56909175,100.27702620276852,Pusat kota/kabupaten—kandidat,Kandidat pusat wilayah dari dataset geocode administratif,0.88,PADANG,True,Koordinat belum menunjukkan alamat gedung UPT; wajib diperiksa Super Admin.
Rutan Kelas IIB Padang Panjang,Rutan,IIB,Umum,Sumatera Barat,Kantor Wilayah Ditjenpas Sumatera Barat,Kota Padang Panjang,,-0.46605825861233036,100.4037107759545,Pusat kota/kabupaten—kandidat,Kandidat pusat wilayah dari dataset geocode administratif,0.88,PADANG PANJANG,True,Koordinat belum menunjukkan alamat gedung UPT; wajib diperiksa Super Admin.
Rutan Kelas IIB Painan,Rutan,IIB,Umum,Sumatera Barat,Kantor Wilayah Ditjenpas Sumatera Barat,Pesisir Selatan,,-1.7185793500000002,100.92702485095103,Pusat kota/kabupaten—kandidat,Kandidat pusat wilayah dari dataset geocode administratif,0.95,PESISIR SELATAN,True,Koordinat belum menunjukkan alamat gedung UPT; wajib diperiksa Super Admin.
Rutan Kelas IIB Sawahlunto,Rutan,IIB,Umum,Sumatera Barat,Kantor Wilayah Ditjenpas Sumatera Barat,Kota Sawahlunto,,-0.6383044738023462,100.78368525453901,Pusat kota/kabupaten—kandidat,Kandidat pusat wilayah dari dataset geocode administratif,0.88,SAWAHLUNTO,True,Koordinat belum menunjukkan alamat gedung UPT; wajib diperiksa Super Admin.
Lapas Kelas I Palembang,Lapas,I,Umum,Sumatera Selatan,Kantor Wilayah Ditjenpas Sumatera Selatan,Kota Palembang,,-2.964356134979077,104.77419309717557,Pusat kota/kabupaten—kandidat,Kandidat pusat wilayah dari dataset geocode administratif,0.88,PALEMBANG,True,Koordinat belum menunjukkan alamat gedung UPT; wajib diperiksa Super Admin.
Lapas Kelas IIA Banyuasin,Lapas,IIA,Umum,Sumatera Selatan,Kantor Wilayah Ditjenpas Sumatera Selatan,Musi Banyuasin,,-2.49093405,103.7048186413551,Pusat kota/kabupaten—kandidat,Kandidat pusat wilayah dari dataset geocode administratif,0.88,BANYUASIN,True,Koordinat belum menunjukkan alamat gedung UPT; wajib diperiksa Super Admin.
Lapas Kelas IIA Lahat,Lapas,IIA,Umum,Sumatera Selatan,Kantor Wilayah Ditjenpas Sumatera Selatan,Lahat,,-3.87934575,103.41408633497844,Pusat kota/kabupaten—kandidat,Kandidat pusat wilayah dari dataset geocode administratif,0.88,LAHAT,True,Koordinat belum menunjukkan alamat gedung UPT; wajib diperiksa Super Admin.
Lapas Kelas IIA Lubuk Linggau,Lapas,IIA,Umum,Sumatera Selatan,Kantor Wilayah Ditjenpas Sumatera Selatan,Kota Lubuk Linggau,,-3.279927379533289,102.85910919580006,Pusat kota/kabupaten—kandidat,Kandidat pusat wilayah dari dataset geocode administratif,0.88,LUBUK LINGGAU,True,Koordinat belum menunjukkan alamat gedung UPT; wajib diperiksa Super Admin.
Lapas Kelas IIA Tanjung Raja,Lapas,IIA,Umum,Sumatera Selatan,Kantor Wilayah Ditjenpas Sumatera Selatan,Ogan Ilir,,-3.39816945,104.65249983252004,Pusat kota/kabupaten—kandidat,Kandidat pusat wilayah dari dataset geocode administratif,0.95,OGAN ILIR,True,Koordinat belum menunjukkan alamat gedung UPT; wajib diperiksa Super Admin.
Lapas Kelas IIB Empat Lawang,Lapas,IIB,Umum,Sumatera Selatan,Kantor Wilayah Ditjenpas Sumatera Selatan,Empat Lawang,,-3.7154833,102.93247238633131,Pusat kota/kabupaten—kandidat,Kandidat pusat wilayah dari dataset geocode administratif,0.88,EMPAT LAWANG,True,Koordinat belum menunjukkan alamat gedung UPT; wajib diperiksa Super Admin.
Lapas Kelas IIB Kayu Agung,Lapas,IIB,Umum,Sumatera Selatan,Kantor Wilayah Ditjenpas Sumatera Selatan,Ogan Komering Ilir,,-3.32885385,105.39978661591645,Pusat kota/kabupaten—kandidat,Kandidat pusat wilayah dari dataset geocode administratif,0.95,OGAN KOMERING ILIR,True,Koordinat belum menunjukkan alamat gedung UPT; wajib diperiksa Super Admin.
Lapas Kelas IIB Martapura,Lapas,IIB,Umum,Sumatera Selatan,Kantor Wilayah Ditjenpas Sumatera Selatan,Ogan Komering Ulu Timur,,-4.11600925,104.55848109942238,Pusat kota/kabupaten—kandidat,Kandidat pusat wilayah dari dataset geocode administratif,0.95,OGAN KOMERING ULU TIMUR,True,Koordinat belum menunjukkan alamat gedung UPT; wajib diperiksa Super Admin.
Lapas Kelas IIB Muara Dua,Lapas,IIB,Umum,Sumatera Selatan,Kantor Wilayah Ditjenpas Sumatera Selatan,Ogan Komering Ulu Selatan,,-4.5702304,103.92495365763118,Pusat kota/kabupaten—kandidat,Kandidat pusat wilayah dari dataset geocode administratif,0.95,OGAN KOMERING ULU SELATAN,True,Koordinat belum menunjukkan alamat gedung UPT; wajib diperiksa Super Admin.
Lapas Kelas IIB Muara Enim,Lapas,IIB,Umum,Sumatera Selatan,Kantor Wilayah Ditjenpas Sumatera Selatan,Muara Enim,,-3.84670675,103.96157194770801,Pusat kota/kabupaten—kandidat,Kandidat pusat wilayah dari dataset geocode administratif,0.88,MUARA ENIM,True,Koordinat belum menunjukkan alamat gedung UPT; wajib diperiksa Super Admin.
Lapas Kelas IIB Sekayu,Lapas,IIB,Umum,Sumatera Selatan,Kantor Wilayah Ditjenpas Sumatera Selatan,Musi Banyuasin,,-2.49093405,103.7048186413551,Pusat kota/kabupaten—kandidat,Kandidat pusat wilayah dari dataset geocode administratif,0.95,MUSI BANYUASIN,True,Koordinat belum menunjukkan alamat gedung UPT; wajib diperiksa Super Admin.
Lapas Kelas III Pagar Alam,Lapas,III,Umum,Sumatera Selatan,Kantor Wilayah Ditjenpas Sumatera Selatan,Kota Pagar Alam,,-4.142764781137731,103.2224555958369,Pusat kota/kabupaten—kandidat,Kandidat pusat wilayah dari dataset geocode administratif,0.88,PAGAR ALAM,True,Koordinat belum menunjukkan alamat gedung UPT; wajib diperiksa Super Admin.
Lapas Kelas III Sarolangun Rawas,Lapas,III,Umum,Sumatera Selatan,Kantor Wilayah Ditjenpas Sumatera Selatan,Musi Rawas Utara,,-2.7351502,102.9014652,Pusat kota/kabupaten—kandidat,Kandidat pusat wilayah dari dataset geocode administratif,0.95,MUSI RAWAS,True,Koordinat belum menunjukkan alamat gedung UPT; wajib diperiksa Super Admin.
Lapas Narkotika Kelas IIA Muara Beliti,Lapas,IIA,Narkotika,Sumatera Selatan,Kantor Wilayah Ditjenpas Sumatera Selatan,Musi Rawas Utara,,-2.7351502,102.9014652,Pusat kota/kabupaten—kandidat,Kandidat pusat wilayah dari dataset geocode administratif,0.95,MUSI RAWAS,True,Koordinat belum menunjukkan alamat gedung UPT; wajib diperiksa Super Admin.
Lapas Narkotika Kelas IIB Banyuasin,Lapas,IIB,Narkotika,Sumatera Selatan,Kantor Wilayah Ditjenpas Sumatera Selatan,Musi Banyuasin,,-2.49093405,103.7048186413551,Pusat kota/kabupaten—kandidat,Kandidat pusat wilayah dari dataset geocode administratif,0.88,BANYUASIN,True,Koordinat belum menunjukkan alamat gedung UPT; wajib diperiksa Super Admin.
Lapas Perempuan Kelas IIA Palembang,Lapas,IIA,Perempuan,Sumatera Selatan,Kantor Wilayah Ditjenpas Sumatera Selatan,Kota Palembang,,-2.964356134979077,104.77419309717557,Pusat kota/kabupaten—kandidat,Kandidat pusat wilayah dari dataset geocode administratif,0.88,PALEMBANG,True,Koordinat belum menunjukkan alamat gedung UPT; wajib diperiksa Super Admin.
Rutan Kelas I Palembang,Rutan,I,Umum,Sumatera Selatan,Kantor Wilayah Ditjenpas Sumatera Selatan,Kota Palembang,,-2.964356134979077,104.77419309717557,Pusat kota/kabupaten—kandidat,Kandidat pusat wilayah dari dataset geocode administratif,0.88,PALEMBANG,True,Koordinat belum menunjukkan alamat gedung UPT; wajib diperiksa Super Admin.
Rutan Kelas IIB Baturaja,Rutan,IIB,Umum,Sumatera Selatan,Kantor Wilayah Ditjenpas Sumatera Selatan,Ogan Komering Ulu Selatan,,-4.5702304,103.92495365763118,Pusat kota/kabupaten—kandidat,Kandidat pusat wilayah dari dataset geocode administratif,0.95,OGAN KOMERING ULU,True,Koordinat belum menunjukkan alamat gedung UPT; wajib diperiksa Super Admin.
Rutan Kelas IIB Prabumulih,Rutan,IIB,Umum,Sumatera Selatan,Kantor Wilayah Ditjenpas Sumatera Selatan,Kota Prabumulih,,-3.516701993669445,104.20708752337299,Pusat kota/kabupaten—kandidat,Kandidat pusat wilayah dari dataset geocode administratif,0.88,PRABUMULIH,True,Koordinat belum menunjukkan alamat gedung UPT; wajib diperiksa Super Admin.
Lapas Kelas I Medan,Lapas,I,Umum,Sumatera Utara,Kantor Wilayah Ditjenpas Sumatera Utara,Kota Medan,,3.538745176270048,98.63509984207012,Pusat kota/kabupaten—kandidat,Kandidat pusat wilayah dari dataset geocode administratif,0.88,MEDAN,True,Koordinat belum menunjukkan alamat gedung UPT; wajib diperiksa Super Admin.
Lapas Kelas IIA Binjai,Lapas,IIA,Umum,Sumatera Utara,Kantor Wilayah Ditjenpas Sumatera Utara,Kota Binjai,,3.600360033691407,98.49257470935811,Pusat kota/kabupaten—kandidat,Kandidat pusat wilayah dari dataset geocode administratif,0.88,BINJAI,True,Koordinat belum menunjukkan alamat gedung UPT; wajib diperiksa Super Admin.
Lapas Kelas IIA Labuhan Ruku,Lapas,IIA,Umum,Sumatera Utara,Kantor Wilayah Ditjenpas Sumatera Utara,Batu Bara,,3.5723293,99.63534445804413,Pusat kota/kabupaten—kandidat,Kandidat pusat wilayah dari dataset geocode administratif,0.95,BATU BARA,True,Koordinat belum menunjukkan alamat gedung UPT; wajib diperiksa Super Admin.
Lapas Kelas IIA Pancur Batu,Lapas,IIA,Umum,Sumatera Utara,Kantor Wilayah Ditjenpas Sumatera Utara,Deli Serdang,,3.69524335,98.8310744882268,Pusat kota/kabupaten—kandidat,Kandidat pusat wilayah dari dataset geocode administratif,0.95,DELI SERDANG,True,Koordinat belum menunjukkan alamat gedung UPT; wajib diperiksa Super Admin.
Lapas Kelas IIA Pematang Siantar,Lapas,IIA,Umum,Sumatera Utara,Kantor Wilayah Ditjenpas Sumatera Utara,Kota Pematangsiantar,,2.9354795593213323,99.06370467655827,Pusat kota/kabupaten—kandidat,Kandidat pusat wilayah dari dataset geocode administratif,0.95,PEMATANGSIANTAR,True,Koordinat belum menunjukkan alamat gedung UPT; wajib diperiksa Super Admin.
Lapas Kelas IIA Rantau Prapat,Lapas,IIA,Umum,Sumatera Utara,Kantor Wilayah Ditjenpas Sumatera Utara,Labuhanbatu Selatan,,1.83365285,100.06837229666323,Pusat kota/kabupaten—kandidat,Kandidat pusat wilayah dari dataset geocode administratif,0.95,LABUHANBATU,True,Koordinat belum menunjukkan alamat gedung UPT; wajib diperiksa Super Admin.
Lapas Kelas IIA Sibolga,Lapas,IIA,Umum,Sumatera Utara,Kantor Wilayah Ditjenpas Sumatera Utara,Kota Sibolga,,1.7310898922368911,98.78918260950009,Pusat kota/kabupaten—kandidat,Kandidat pusat wilayah dari dataset geocode administratif,0.88,SIBOLGA,True,Koordinat belum menunjukkan alamat gedung UPT; wajib diperiksa Super Admin.
Lapas Kelas IIB Gunung Sitoli,Lapas,IIB,Umum,Sumatera Utara,Kantor Wilayah Ditjenpas Sumatera Utara,Kota Gunungsitoli,,1.2169768547143338,97.57824479610208,Pusat kota/kabupaten—kandidat,Kandidat pusat wilayah dari dataset geocode administratif,0.95,GUNUNGSITOLI,True,Koordinat belum menunjukkan alamat gedung UPT; wajib diperiksa Super Admin.
Lapas Kelas IIB Lubuk Pakam,Lapas,IIB,Umum,Sumatera Utara,Kantor Wilayah Ditjenpas Sumatera Utara,Deli Serdang,,3.69524335,98.8310744882268,Pusat kota/kabupaten—kandidat,Kandidat pusat wilayah dari dataset geocode administratif,0.95,DELI SERDANG,True,Koordinat belum menunjukkan alamat gedung UPT; wajib diperiksa Super Admin.
Lapas Kelas IIB Padang Sidempuan,Lapas,IIB,Umum,Sumatera Utara,Kantor Wilayah Ditjenpas Sumatera Utara,Kota Padangsidimpuan,,1.4598931428326465,99.25402988224239,Pusat kota/kabupaten—kandidat,Kandidat pusat wilayah dari dataset geocode administratif,0.95,PADANGSIDIMPUAN,True,Koordinat belum menunjukkan alamat gedung UPT; wajib diperiksa Super Admin.
Lapas Kelas IIB Panyabungan,Lapas,IIB,Umum,Sumatera Utara,Kantor Wilayah Ditjenpas Sumatera Utara,Mandailing Natal,,0.7456754999999999,99.2188578794001,Pusat kota/kabupaten—kandidat,Kandidat pusat wilayah dari dataset geocode administratif,0.95,MANDAILING NATAL,True,Koordinat belum menunjukkan alamat gedung UPT; wajib diperiksa Super Admin.
Lapas Kelas IIB Siborong-Borong,Lapas,IIB,Umum,Sumatera Utara,Kantor Wilayah Ditjenpas Sumatera Utara,Tapanuli Utara,,1.9980604,99.06476586250315,Pusat kota/kabupaten—kandidat,Kandidat pusat wilayah dari dataset geocode administratif,0.95,TAPANULI UTARA,True,Koordinat belum menunjukkan alamat gedung UPT; wajib diperiksa Super Admin.
Lapas Kelas IIB Tanjung Balai Asahan,Lapas,IIB,Umum,Sumatera Utara,Kantor Wilayah Ditjenpas Sumatera Utara,Kota Tanjung Balai,,2.946210275993223,99.8198699009899,Pusat kota/kabupaten—kandidat,Kandidat pusat wilayah dari dataset geocode administratif,0.95,TANJUNG BALAI,True,Koordinat belum menunjukkan alamat gedung UPT; wajib diperiksa Super Admin.
Lapas Kelas IIB Tebing Tinggi Deli,Lapas,IIB,Umum,Sumatera Utara,Kantor Wilayah Ditjenpas Sumatera Utara,Kota Tebing Tinggi,,3.3289472907802664,99.16517143414292,Pusat kota/kabupaten—kandidat,Kandidat pusat wilayah dari dataset geocode administratif,0.95,TEBING TINGGI,True,Koordinat belum menunjukkan alamat gedung UPT; wajib diperiksa Super Admin.
Lapas Kelas III Barus,Lapas,III,Umum,Sumatera Utara,Kantor Wilayah Ditjenpas Sumatera Utara,Tapanuli Tengah,,1.82312845,98.27976773073217,Pusat kota/kabupaten—kandidat,Kandidat pusat wilayah dari dataset geocode administratif,0.95,TAPANULI TENGAH,True,Koordinat belum menunjukkan alamat gedung UPT; wajib diperiksa Super Admin.
Lapas Kelas III Gunung Tua,Lapas,III,Umum,Sumatera Utara,Kantor Wilayah Ditjenpas Sumatera Utara,Padang Lawas Utara,,1.6364047,99.69103752459654,Pusat kota/kabupaten—kandidat,Kandidat pusat wilayah dari dataset geocode administratif,0.95,PADANG LAWAS UTARA,True,Koordinat belum menunjukkan alamat gedung UPT; wajib diperiksa Super Admin.
Lapas Kelas III Kota Pinang,Lapas,III,Umum,Sumatera Utara,Kantor Wilayah Ditjenpas Sumatera Utara,Labuhanbatu Selatan,,1.83365285,100.06837229666323,Pusat kota/kabupaten—kandidat,Kandidat pusat wilayah dari dataset geocode administratif,0.95,LABUHANBATU SELATAN,True,Koordinat belum menunjukkan alamat gedung UPT; wajib diperiksa Super Admin.
Lapas Kelas III Kotanopan,Lapas,III,Umum,Sumatera Utara,Kantor Wilayah Ditjenpas Sumatera Utara,Mandailing Natal,,0.7456754999999999,99.2188578794001,Pusat kota/kabupaten—kandidat,Kandidat pusat wilayah dari dataset geocode administratif,0.95,MANDAILING NATAL,True,Koordinat belum menunjukkan alamat gedung UPT; wajib diperiksa Super Admin.
Lapas Kelas III Labuhan Bilik,Lapas,III,Umum,Sumatera Utara,Kantor Wilayah Ditjenpas Sumatera Utara,,,2.1154,99.5451,Pusat provinsi—perlu verifikasi,Kandidat pusat wilayah dari dataset geocode administratif,0.434,HALMAHERA SELATAN,True,Koordinat belum menunjukkan alamat gedung UPT; wajib diperiksa Super Admin.
Lapas Kelas III Pangururan,Lapas,III,Umum,Sumatera Utara,Kantor Wilayah Ditjenpas Sumatera Utara,Samosir,,2.54469535,98.57191376246578,Pusat kota/kabupaten—kandidat,Kandidat pusat wilayah dari dataset geocode administratif,0.95,SAMOSIR,True,Koordinat belum menunjukkan alamat gedung UPT; wajib diperiksa Super Admin.
Lapas Kelas III Teluk Dalam,Lapas,III,Umum,Sumatera Utara,Kantor Wilayah Ditjenpas Sumatera Utara,Nias Selatan,,0.0680552,98.26223886860505,Pusat kota/kabupaten—kandidat,Kandidat pusat wilayah dari dataset geocode administratif,0.95,NIAS SELATAN,True,Koordinat belum menunjukkan alamat gedung UPT; wajib diperiksa Super Admin.
Lapas Narkotika Kelas IIA Langkat,Lapas,IIA,Narkotika,Sumatera Utara,Kantor Wilayah Ditjenpas Sumatera Utara,Langkat,,3.8293858,98.24834954457486,Pusat kota/kabupaten—kandidat,Kandidat pusat wilayah dari dataset geocode administratif,0.88,LANGKAT,True,Koordinat belum menunjukkan alamat gedung UPT; wajib diperiksa Super Admin.
Lapas Narkotika Kelas IIA Pematang Siantar,Lapas,IIA,Narkotika,Sumatera Utara,Kantor Wilayah Ditjenpas Sumatera Utara,Kota Pematangsiantar,,2.9354795593213323,99.06370467655827,Pusat kota/kabupaten—kandidat,Kandidat pusat wilayah dari dataset geocode administratif,0.95,PEMATANGSIANTAR,True,Koordinat belum menunjukkan alamat gedung UPT; wajib diperiksa Super Admin.
Lapas Pemuda Kelas III Langkat,Lapas,III,Pemuda,Sumatera Utara,Kantor Wilayah Ditjenpas Sumatera Utara,Langkat,,3.8293858,98.24834954457486,Pusat kota/kabupaten—kandidat,Kandidat pusat wilayah dari dataset geocode administratif,0.88,LANGKAT,True,Koordinat belum menunjukkan alamat gedung UPT; wajib diperiksa Super Admin.
Lapas Perempuan Kelas IIA Medan,Lapas,IIA,Perempuan,Sumatera Utara,Kantor Wilayah Ditjenpas Sumatera Utara,Kota Medan,,3.538745176270048,98.63509984207012,Pusat kota/kabupaten—kandidat,Kandidat pusat wilayah dari dataset geocode administratif,0.88,MEDAN,True,Koordinat belum menunjukkan alamat gedung UPT; wajib diperiksa Super Admin.
Rutan Kelas I Labuhan Deli,Rutan,I,Umum,Sumatera Utara,Kantor Wilayah Ditjenpas Sumatera Utara,,,2.1154,99.5451,Pusat provinsi—perlu verifikasi,Kandidat pusat wilayah dari dataset geocode administratif,0.434,HALMAHERA SELATAN,True,Koordinat belum menunjukkan alamat gedung UPT; wajib diperiksa Super Admin.
Rutan Kelas I Medan,Rutan,I,Umum,Sumatera Utara,Kantor Wilayah Ditjenpas Sumatera Utara,Kota Medan,,3.538745176270048,98.63509984207012,Pusat kota/kabupaten—kandidat,Kandidat pusat wilayah dari dataset geocode administratif,0.88,MEDAN,True,Koordinat belum menunjukkan alamat gedung UPT; wajib diperiksa Super Admin.
Rutan Kelas IIB Balige,Rutan,IIB,Umum,Sumatera Utara,Kantor Wilayah Ditjenpas Sumatera Utara,Toba,,2.38545945,99.33146479493726,Pusat kota/kabupaten—kandidat,Kandidat pusat wilayah dari dataset geocode administratif,0.95,TOBA,True,Koordinat belum menunjukkan alamat gedung UPT; wajib diperiksa Super Admin.
Rutan Kelas IIB Humbang Hasundutan,Rutan,IIB,Umum,Sumatera Utara,Kantor Wilayah Ditjenpas Sumatera Utara,Humbang Hasundutan,,2.2475810000000003,98.60101988220362,Pusat kota/kabupaten—kandidat,Kandidat pusat wilayah dari dataset geocode administratif,0.88,HUMBANG HASUNDUTAN,True,Koordinat belum menunjukkan alamat gedung UPT; wajib diperiksa Super Admin.
Rutan Kelas IIB Kabanjahe,Rutan,IIB,Umum,Sumatera Utara,Kantor Wilayah Ditjenpas Sumatera Utara,Karo,,3.09987505,98.33697063830981,Pusat kota/kabupaten—kandidat,Kandidat pusat wilayah dari dataset geocode administratif,0.95,KARO,True,Koordinat belum menunjukkan alamat gedung UPT; wajib diperiksa Super Admin.
Rutan Kelas IIB Natal,Rutan,IIB,Umum,Sumatera Utara,Kantor Wilayah Ditjenpas Sumatera Utara,Mandailing Natal,,0.7456754999999999,99.2188578794001,Pusat kota/kabupaten—kandidat,Kandidat pusat wilayah dari dataset geocode administratif,0.88,NATAL,True,Koordinat belum menunjukkan alamat gedung UPT; wajib diperiksa Super Admin.
Rutan Kelas IIB Pangkalan Brandan,Rutan,IIB,Umum,Sumatera Utara,Kantor Wilayah Ditjenpas Sumatera Utara,Langkat,,3.8293858,98.24834954457486,Pusat kota/kabupaten—kandidat,Kandidat pusat wilayah dari dataset geocode administratif,0.95,LANGKAT,True,Koordinat belum menunjukkan alamat gedung UPT; wajib diperiksa Super Admin.
Rutan Kelas IIB Sibuhuan,Rutan,IIB,Umum,Sumatera Utara,Kantor Wilayah Ditjenpas Sumatera Utara,Padang Lawas Utara,,1.6364047,99.69103752459654,Pusat kota/kabupaten—kandidat,Kandidat pusat wilayah dari dataset geocode administratif,0.95,PADANG LAWAS,True,Koordinat belum menunjukkan alamat gedung UPT; wajib diperiksa Super Admin.
Rutan Kelas IIB Sidikalang,Rutan,IIB,Umum,Sumatera Utara,Kantor Wilayah Ditjenpas Sumatera Utara,Dairi,,2.83532105,98.28450159467039,Pusat kota/kabupaten—kandidat,Kandidat pusat wilayah dari dataset geocode administratif,0.95,DAIRI,True,Koordinat belum menunjukkan alamat gedung UPT; wajib diperiksa Super Admin.
Rutan Kelas IIB Sipirok,Rutan,IIB,Umum,Sumatera Utara,Kantor Wilayah Ditjenpas Sumatera Utara,Tapanuli Selatan,,1.5510869,99.21175710833333,Pusat kota/kabupaten—kandidat,Kandidat pusat wilayah dari dataset geocode administratif,0.95,TAPANULI SELATAN,True,Koordinat belum menunjukkan alamat gedung UPT; wajib diperiksa Super Admin.
Rutan Kelas IIB Tanjung Pura,Rutan,IIB,Umum,Sumatera Utara,Kantor Wilayah Ditjenpas Sumatera Utara,Kota Tanjung Balai,,2.946210275993223,99.8198699009899,Pusat kota/kabupaten—kandidat,Kandidat pusat wilayah dari dataset geocode administratif,0.469,TANJUNG PURA,True,Koordinat belum menunjukkan alamat gedung UPT; wajib diperiksa Super Admin.
Rutan Kelas IIB Tarutung,Rutan,IIB,Umum,Sumatera Utara,Kantor Wilayah Ditjenpas Sumatera Utara,Tapanuli Utara,,1.9980604,99.06476586250315,Pusat kota/kabupaten—kandidat,Kandidat pusat wilayah dari dataset geocode administratif,0.95,TAPANULI UTARA,True,Koordinat belum menunjukkan alamat gedung UPT; wajib diperiksa Super Admin.
Rutan Perempuan Kelas IIA Medan,Rutan,IIA,Perempuan,Sumatera Utara,Kantor Wilayah Ditjenpas Sumatera Utara,Kota Medan,,3.538745176270048,98.63509984207012,Pusat kota/kabupaten—kandidat,Kandidat pusat wilayah dari dataset geocode administratif,0.88,MEDAN,True,Koordinat belum menunjukkan alamat gedung UPT; wajib diperiksa Super Admin.
